NO,Player,Real time,Version,Date
1,kusaan,1h 48m 26s 040ms,Digital,6 months ago
2,Anthony99,1h 48m 35s 701ms,Digital,2 months ago
3,Pii,1h 48m 38s,Digital,8 months ago
4,おれより下のやつたこ,1h 48m 41s,Digital,2 years ago
5,Xeter,1h 49m 20s 922ms,Cartridge,4 months ago
6,Rookie,1h 49m 24s,Digital,1 month ago
7,ScarTax,1h 49m 25s,Digital,1 year ago
8,A_MK,1h 49m 35s 060ms,Digital,1 month ago
9,AKB_,1h 49m 36s,Cartridge,6 months ago
10,Pianist15,1h 49m 42s,Digital,1 year ago
11,ThomasDHC,1h 49m 47s 210ms,Cartridge,1 year ago
12,K4I,1h 49m 47s 633ms,Cartridge,1 year ago
13,VikeMK,1h 49m 47s 851ms,Digital,2 months ago
14,airy,1h 49m 58s 020ms,Digital,3 months ago
15,Cynda,1h 49m 59s,Digital,3 years ago
16,BrawlerJesse,1h 50m 07s,Digital,3 years ago
17,jacob,1h 50m 08s,Digital,2 months ago
18,Mooden2,1h 50m 29s,Digital,2 years ago
19,CC_,1h 50m 33s,Digital,3 years ago
20,Gecko_MP,1h 50m 36s,Cartridge,1 month ago
21,Athaway,1h 50m 44s,Cartridge,1 year ago
22,Leo_oo,1h 50m 46s,Digital,4 years ago
23,Soratay,1h 50m 50s 790ms,Cartridge,7 months ago
24,Nicolasreci,1h 50m 55s,Digital,3 years ago
25,daisukeNL,1h 51m 07s 790ms,Digital,4 months ago
26,CaptainHeeHaw,1h 51m 12s 245ms,Digital,7 months ago
27,Neykan,1h 51m 28s,Cartridge,2 years ago
28,Tymbuh,1h 51m 29s 860ms,Cartridge,1 year ago
29,IceHawk0901,1h 51m 38s 103ms,Digital,3 days ago
30,starxlx,1h 51m 41s,Cartridge,4 years ago
30,Drake42,1h 51m 41s,Digital,4 years ago
32,KikiMK,1h 51m 44s 610ms,Cartridge,1 year ago
33,TripzR,1h 51m 58s 010ms,Cartridge,3 days ago
34,CryptexSSBU,1h 52m 01s 052ms,Cartridge,3 months ago
35,tossy,1h 52m 02s,Cartridge,2 years ago
36,SoMuchPuke,1h 52m 07s,Cartridge,1 year ago
37,Jack8D,1h 52m 08s 003ms,Cartridge,1 year ago
38,choripanycristi,1h 52m 11s,Digital,1 month ago
39,Ensy,1h 52m 14s,Cartridge,1 year ago
40,BenFoolery,1h 52m 22s,Digital,10 months ago
41,mexas66,1h 52m 23s 072ms,Cartridge,1 year ago
42,hedge_W._Bush,1h 52m 28s 064ms,Cartridge,1 year ago
43,Karlie,1h 52m 36s,Cartridge,2 weeks ago
44,Kimo0598,1h 52m 41s 637ms,Cartridge,2 years ago
45,AlexWBoss,1h 52m 44s,Cartridge,1 year ago
46,kaitomo,1h 52m 44s 017ms,Cartridge,1 year ago
47,BillCipher74,1h 52m 45s,Cartridge,1 week ago
48,Theo_MK,1h 52m 49s 680ms,Digital,11 months ago
49,Sheikonh,1h 52m 56s,Digital,3 years ago
50,ZORROwned,1h 53m 02s 025ms,Cartridge,1 year ago
51,Volcarona,1h 53m 02s 950ms,Cartridge,9 months ago
52,RiskyRicky4,1h 53m 07s 030ms,Cartridge,1 year ago
53,Mathieutp,1h 53m 08s,Cartridge,3 months ago
54,Ayden,1h 53m 13s,Cartridge,1 month ago
55,Ogward,1h 53m 26s,Cartridge,2 months ago
56,Wantvd,1h 53m 32s,Digital,2 years ago
57,bluebirdkart,1h 53m 33s 310ms,Cartridge,1 month ago
58,NBandicoot,1h 53m 35s,Cartridge,2 months ago
59,JoeriMK8,1h 53m 36s 200ms,Cartridge,1 year ago
60,DavidU_TV,1h 53m 40s 720ms,Cartridge,4 months ago
61,wakejald,1h 53m 41s,Digital,7 months ago
62,Dimentio40,1h 53m 44s 230ms,Digital,1 week ago
63,speeedy_sloth,1h 53m 45s 540ms,Digital,2 years ago
64,ElectricDad,1h 53m 48s,Digital,7 months ago
65,UchihaMadao,1h 53m 53s,Digital,4 years ago
66,thetoastyjoe,1h 53m 57s,Digital,3 years ago
67,quo,1h 53m 58s,Digital,2 years ago
68,PunchSh0t,1h 54m 03s,Cartridge,1 month ago
69,LiaraLili,1h 54m 08s,Cartridge,2 years ago
70,squidsRderpy,1h 54m 09s,Cartridge,4 years ago
71,GSCorinth7,1h 54m 15s 083ms,Cartridge,1 year ago
72,Glennjamin,1h 54m 17s,Digital,2 months ago
73,vvooper,1h 54m 18s 170ms,Digital,7 months ago
74,burkhalter83,1h 54m 20s,Digital,4 years ago
75,SSJona,1h 54m 21s 061ms,Cartridge,8 months ago
76,SpeedyEmpoleon,1h 54m 24s,Cartridge,4 years ago
77,GuidedLime,1h 54m 26s 760ms,Digital,2 months ago
78,mikerob12,1h 54m 26s 880ms,Digital,3 months ago
79,NitTheNat,1h 54m 29s 580ms,Digital,3 days ago
80,TomKILL115,1h 54m 34s,Digital,1 month ago
81,Nico4132,1h 54m 50s,Cartridge,1 year ago
82,nico_psd,1h 54m 54s,Digital,1 month ago
83,Niklas_019,1h 54m 57s 720ms,Digital,2 months ago
84,NachoBrado,1h 54m 59s,Digital,6 months ago
85,Jordiiee_,1h 55m 05s,Cartridge,3 months ago
86,GentleSquid,1h 55m 06s 320ms,Cartridge,2 months ago
87,R0main,1h 55m 09s,Digital,1 year ago
87,TySoN78,1h 55m 09s,Digital,1 month ago
89,Xzender,1h 55m 12s 059ms,Digital,1 year ago
90,Joely_Poly,1h 55m 13s,Digital,3 years ago
90,Zergath,1h 55m 13s,Digital,11 months ago
92,PandaTempest,1h 55m 15s,Cartridge,3 years ago
93,CapSD94,1h 55m 17s 340ms,Digital,1 week ago
94,CharredT98,1h 55m 18s,Cartridge,1 month ago
95,blipblo,1h 55m 21s,Cartridge,1 month ago
96,DanLogan33,1h 55m 23s,Cartridge,2 months ago
96,Karppa,1h 55m 23s,Cartridge,3 days ago
98,AHappyFish,1h 55m 30s 220ms,Digital,1 month ago
99,Landolus,1h 55m 31s,Cartridge,3 years ago
100,Pi_r_ick,1h 55m 33s,Cartridge,1 year ago
101,JoaX_96,1h 55m 41s,Cartridge,4 months ago
102,DEVOS1233GMER,1h 55m 44s,Digital,1 year ago
103,GHOSTDEATH,1h 55m 46s,Digital,1 year ago
104,HadeNewell,1h 55m 49s,Cartridge,2 months ago
105,Alexdaphoenix,1h 55m 52s 720ms,Cartridge,2 months ago
106,RhayKou,1h 55m 53s 120ms,Cartridge,6 months ago
107,yuttantan,1h 55m 56s 001ms,Digital,1 year ago
108,Japsiman,1h 55m 59s 310ms,Cartridge,1 year ago
109,Sienna,1h 56m 00s 140ms,Digital,2 months ago
110,teewhizz,1h 56m 01s,Digital,2 years ago
111,akai235,1h 56m 01s 040ms,Cartridge,3 weeks ago
112,MoLo,1h 56m 02s,Cartridge,9 months ago
113,carssoune,1h 56m 03s,Cartridge,4 years ago
114,Smudey,1h 56m 06s,Digital,1 year ago
115,kirobinkirb,1h 56m 06s 690ms,Cartridge,1 month ago
116,Mayonades,1h 56m 07s 094ms,Digital,1 year ago
117,Sobriquet,1h 56m 09s,Cartridge,2 months ago
118,Ingm_ario,1h 56m 09s 250ms,Digital,1 month ago
119,AlfonGD,1h 56m 10s 374ms,Digital,1 year ago
120,Jasu14,1h 56m 10s 960ms,Cartridge,1 month ago
121,Kehorie,1h 56m 14s,Digital,2 years ago
122,gamaroo,1h 56m 16s,Cartridge,4 years ago
123,ckadylak,1h 56m 23s,Cartridge,3 years ago
124,ronancarroll,1h 56m 27s 280ms,Digital,1 month ago
125,NaDennIsGut,1h 56m 28s 026ms,Cartridge,11 months ago
126,GrimLeadReaper,1h 56m 28s 560ms,Digital,3 months ago
127,xDHannah,1h 56m 30s,Digital,2 years ago
128,rocky1724,1h 56m 31s,Digital,2 years ago
129,Rirure,1h 56m 34s,Cartridge,3 months ago
129,Grort,1h 56m 34s,Digital,2 months ago
131,Taljer,1h 56m 35s,Cartridge,1 month ago
132,RedHarps,1h 56m 42s 120ms,Cartridge,2 years ago
133,Bramsil,1h 56m 46s,Digital,4 years ago
134,SammyWubs,1h 56m 47s,Digital,1 year ago
135,MetagameMike,1h 56m 48s 400ms,Digital,5 months ago
136,Agentcubed,1h 56m 49s 705ms,Cartridge,6 months ago
137,rat151,1h 56m 50s,Digital,1 year ago
138,Oh_Snap,1h 56m 55s,Digital,4 years ago
139,Khufu,1h 56m 55s 510ms,Digital,2 months ago
140,xerneas-yveltal,1h 56m 57s,Cartridge,4 months ago
141,Willbatros,1h 56m 59s 280ms,Digital,10 months ago
142,Guiguignol,1h 56m 59s 950ms,Cartridge,1 year ago
143,cjitsallgewd,1h 57m 02s,Digital,3 years ago
144,maxanderson573,1h 57m 04s,Cartridge,3 years ago
145,Bayesic,1h 57m 06s 073ms,Cartridge,1 year ago
146,Yveltalnite,1h 57m 06s 140ms,Cartridge,2 months ago
147,Skinny_lad,1h 57m 09s 079ms,Digital,1 year ago
148,Yocosi,1h 57m 18s 063ms,Digital,11 months ago
149,V11GAmeR,1h 57m 20s,Cartridge,8 months ago
150,nickfredy,1h 57m 22s,Cartridge,3 months ago
151,nitendo,1h 57m 27s,Cartridge,4 weeks ago
152,EloquenceSSB,1h 57m 28s 130ms,Digital,1 month ago
153,Westboyka,1h 57m 33s,Digital,1 year ago
154,soru,1h 57m 35s,Digital,1 year ago
154,Unnotableone,1h 57m 35s,Digital,1 year ago
156,MATUS,1h 57m 36s,Cartridge,3 years ago
157,King,1h 57m 37s,Cartridge,2 years ago
157,platinovy,1h 57m 37s,Cartridge,1 year ago
159,BrynboyYT,1h 57m 40s 000ms,Cartridge,6 months ago
160,SnowBuried,1h 57m 42s,Cartridge,8 months ago
161,Kiryu_Hact,1h 57m 44s 250ms,Digital,4 weeks ago
162,Broshinendo,1h 57m 44s 450ms,Cartridge,1 year ago
163,restful64,1h 57m 50s,Digital,1 year ago
164,Soliloquilic,1h 57m 51s 055ms,Digital,5 months ago
165,fenwar_seshwar,1h 57m 53s,Cartridge,3 months ago
166,Raemirus,1h 57m 55s 040ms,Cartridge,2 months ago
167,me_supa,1h 58m 00s,Cartridge,4 months ago
168,Simbionis,1h 58m 01s 780ms,Digital,2 months ago
169,aqqw1,1h 58m 02s 462ms,Cartridge,1 month ago
170,41d3n,1h 58m 05s 340ms,Cartridge,1 month ago
171,Veeharos,1h 58m 07s 002ms,Cartridge,2 years ago
172,MisterWah,1h 58m 12s 330ms,Cartridge,1 month ago
173,linny356,1h 58m 14s,Cartridge,1 year ago
174,Superzigzagoon,1h 58m 17s,Cartridge,4 years ago
175,eternitykodex,1h 58m 17s 550ms,Cartridge,8 months ago
176,Big_speed,1h 58m 19s,Cartridge,1 year ago
177,ItsRileyPM,1h 58m 20s 680ms,Digital,1 month ago
178,Nerd_Squared,1h 58m 21s,Digital,3 years ago
179,TheeDazza,1h 58m 22s,Digital,1 year ago
180,Lethalethan,1h 58m 23s 060ms,Digital,7 months ago
181,NuLL_,1h 58m 24s 920ms,Digital,10 months ago
182,mogami19984,1h 58m 28s,Digital,1 year ago
183,Kiwizkat,1h 58m 33s 041ms,Digital,10 months ago
184,TheDogSpider,1h 58m 34s,Cartridge,2 years ago
185,Rainford,1h 58m 35s,Cartridge,4 years ago
186,sarahjohnson,1h 58m 38s,Cartridge,1 month ago
187,IlluminaTea,1h 58m 45s,Digital,3 years ago
188,Chikorita,1h 58m 47s,Cartridge,3 years ago
189,Modest,1h 58m 48s,Cartridge,1 year ago
190,CataliePortman,1h 58m 49s,Cartridge,2 months ago
191,Arknei,1h 58m 52s,Digital,3 years ago
192,Aerma,1h 58m 56s 089ms,Cartridge,1 year ago
193,rigmarole,1h 58m 57s,Cartridge,3 years ago
194,Dr0id,1h 58m 59s,Digital,1 year ago
195,thana_dg,1h 59m 02s 093ms,Digital,1 year ago
196,Heddo,1h 59m 09s 320ms,Digital,2 months ago
197,Rory00,1h 59m 10s,Cartridge,2 years ago
198,ChilloutChad,1h 59m 10s 570ms,Digital,1 month ago
199,jozzydee,1h 59m 13s 700ms,Digital,1 year ago
200,Ben119,1h 59m 15s,Cartridge,1 year ago
201,minamae,1h 59m 17s 260ms,Cartridge,1 month ago
202,Leo179,1h 59m 18s,Cartridge,2 years ago
203,cheeks,1h 59m 19s,Cartridge,11 months ago
204,Dark_Shadow6000,1h 59m 20s,Digital,8 months ago
204,gamecubeguy214,1h 59m 20s,Cartridge,7 months ago
206,James_May0,1h 59m 21s 240ms,Cartridge,2 years ago
207,DieKleineOrange,1h 59m 23s,Cartridge,1 year ago
208,ShikaiKageshini,1h 59m 25s 018ms,Cartridge,2 years ago
209,happywithsugar,1h 59m 26s,Digital,1 year ago
210,LunaaaKH,1h 59m 26s 860ms,Digital,1 year ago
211,Lukasmbraga,1h 59m 27s,Cartridge,2 years ago
212,ShrimpiiBoii,1h 59m 30s,Cartridge,2 years ago
213,jewllybeenz,1h 59m 30s 061ms,Digital,10 months ago
214,UnknownPersona,1h 59m 32s 069ms,Digital,1 year ago
215,heyboyblue,1h 59m 33s,Digital,3 weeks ago
216,Dipstick,1h 59m 34s,Cartridge,3 years ago
217,shadowatnoon,1h 59m 35s,Digital,6 months ago
218,Hans_the_dragon,1h 59m 36s 320ms,Digital,2 months ago
219,Burgundy,1h 59m 37s,Digital,2 years ago
220,RyanMilkshake,1h 59m 37s 627ms,Cartridge,2 months ago
221,PBFMV,1h 59m 40s,Digital,3 weeks ago
222,GeoffTheIcePony,1h 59m 41s 250ms,Cartridge,2 months ago
223,NTLucrative,1h 59m 44s 420ms,Cartridge,3 months ago
224,Josepp,1h 59m 48s 520ms,Digital,2 years ago
225,TheSammyB,1h 59m 51s,Cartridge,3 years ago
225,Mudkipaz,1h 59m 51s,Cartridge,1 year ago
227,ViceVersa,1h 59m 51s 076ms,Cartridge,1 year ago
228,Joltkip,1h 59m 55s,Digital,1 year ago
229,cyguymyguy,1h 59m 56s 630ms,Cartridge,1 month ago
230,vivi_03,1h 59m 57s 231ms,Cartridge,1 year ago
231,Leptis_Magna,1h 59m 57s 470ms,Cartridge,2 months ago
232,AdomHaMez,1h 59m 58s,Cartridge,9 months ago
232,SlishFish,1h 59m 58s,Cartridge,9 months ago
234,mcbeen,1h 59m 58s 945ms,Cartridge,2 years ago
235,artafki,1h 59m 59s,Cartridge,2 months ago
236,Tiagolopes30,2h 00m 00s,Cartridge,4 months ago
237,MK-Sylas,2h 00m 00s 498ms,Cartridge,1 year ago
238,Crackie,2h 00m 05s,Digital,2 years ago
239,Bookworm,2h 00m 06s 083ms,Cartridge,1 year ago
240,Mudkipper624,2h 00m 10s,Cartridge,1 year ago
241,Freezinater,2h 00m 15s,Digital,4 years ago
242,Joshiee,2h 00m 17s 585ms,Cartridge,1 year ago
243,DiviDeD97,2h 00m 18s 820ms,Cartridge,2 months ago
244,Bananadude,2h 00m 19s 270ms,Cartridge,1 year ago
245,Cecilego3,2h 00m 20s,Cartridge,3 years ago
245,Dishark,2h 00m 20s,Cartridge,10 months ago
247,MaBa,2h 00m 20s 094ms,Digital,1 year ago
248,rere,2h 00m 22s 092ms,Cartridge,1 year ago
249,The_Zanyay,2h 00m 27s,Digital,3 years ago
249,HandsomeBoi,2h 00m 27s,Digital,2 months ago
251,McPeeWee,2h 00m 28s 001ms,Digital,2 months ago
252,OblivionKyer,2h 00m 32s 170ms,Cartridge,1 year ago
253,Ranger_Squid,2h 00m 36s,Digital,1 year ago
254,TTVssbuTWACKED,2h 00m 37s,Cartridge,4 months ago
255,Luca4735,2h 00m 39s,Cartridge,2 years ago
256,jelluh24,2h 00m 44s,Cartridge,4 years ago
257,arthro2571,2h 00m 45s,Digital,2 years ago
258,ChickenPotPie02,2h 00m 48s 043ms,Cartridge,1 year ago
259,Lchrist26,2h 00m 51s 004ms,Digital,1 year ago
260,GoomBayPacker,2h 00m 53s,Cartridge,1 year ago
261,Zuberite,2h 00m 54s,Cartridge,4 years ago
262,Silvin803,2h 00m 56s,Cartridge,1 week ago
263,Bork132,2h 00m 59s 070ms,Digital,1 year ago
264,datbicth,2h 01m 03s 005ms,Cartridge,1 year ago
265,Ravs_,2h 01m 04s 071ms,Digital,3 months ago
266,Emerno,2h 01m 07s,Cartridge,3 years ago
267,solitaire,2h 01m 09s 570ms,Cartridge,2 years ago
268,Umbie,2h 01m 11s 035ms,Digital,1 year ago
269,DrMemeD302,2h 01m 11s 540ms,Digital,2 weeks ago
270,Jax_,2h 01m 12s 740ms,Cartridge,2 months ago
271,BeterBan,2h 01m 17s,Cartridge,3 years ago
272,Gamonymous,2h 01m 19s,Cartridge,3 years ago
273,kiwifruit413,2h 01m 19s 560ms,Cartridge,9 months ago
274,KingOlir,2h 01m 20s,Cartridge,1 year ago
275,NeonNook,2h 01m 21s,Cartridge,4 years ago
276,Pseudonym,2h 01m 23s,Cartridge,2 years ago
277,JackaboyTV,2h 01m 24s 082ms,Cartridge,1 year ago
278,Heffe,2h 01m 24s 088ms,Digital,3 months ago
279,drayden_,2h 01m 29s,Digital,2 years ago
280,Skinny_Speedrun,2h 01m 29s 840ms,Cartridge,2 years ago
281,JCamp74,2h 01m 30s,Cartridge,1 month ago
282,Tadyman,2h 01m 31s,Cartridge,2 years ago
283,Beanos,2h 01m 35s,Digital,1 year ago
284,Dquar,2h 01m 35s 670ms,Digital,1 month ago
285,NrgSurge,2h 01m 40s 084ms,Cartridge,2 months ago
286,Abbeyroad,2h 01m 42s,Cartridge,1 year ago
287,monrester,2h 01m 43s 827ms,Cartridge,11 months ago
288,SuperAwesomeT,2h 01m 44s,Cartridge,2 months ago
289,starsmiley,2h 01m 46s,Cartridge,1 year ago
290,GTNeko,2h 01m 47s 073ms,Cartridge,2 months ago
291,milkysevens,2h 01m 49s 042ms,Digital,1 year ago
292,Meawch,2h 01m 51s,Cartridge,3 years ago
293,JockeMS,2h 01m 52s,Cartridge,6 months ago
294,Phantom5800,2h 02m 17s,Cartridge,3 weeks ago
295,Purple,2h 02m 18s,Cartridge,4 years ago
296,vini_hitsu,2h 02m 18s 100ms,Cartridge,1 year ago
297,Snekye,2h 02m 20s 830ms,Cartridge,2 years ago
298,spleatz,2h 02m 22s,Cartridge,4 years ago
299,Munchyon,2h 02m 29s 004ms,Cartridge,1 month ago
300,GreenTQ06,2h 02m 33s,Cartridge,1 year ago
301,maartenmid,2h 02m 34s 075ms,Cartridge,3 months ago
302,MiPS,2h 02m 35s 717ms,Cartridge,1 year ago
303,WowzInTrous,2h 02m 38s 660ms,Cartridge,2 months ago
304,diigdugg,2h 02m 46s,Cartridge,5 months ago
305,Turadoras,2h 02m 49s 020ms,Cartridge,2 years ago
306,RampantEpsilon,2h 02m 50s,Cartridge,4 years ago
307,Gainai,2h 02m 51s,Cartridge,3 years ago
308,LarsNormal,2h 02m 53s 073ms,Digital,5 months ago
309,Hexmage,2h 02m 56s,Digital,1 month ago
310,Sixty-nl,2h 02m 57s 740ms,Cartridge,8 months ago
311,rubyrosecrowns,2h 03m 03s 007ms,Cartridge,1 year ago
312,SalmonBurt,2h 03m 05s,Cartridge,2 years ago
313,Elims,2h 03m 10s,Cartridge,2 months ago
314,Artek,2h 03m 15s 560ms,Cartridge,2 weeks ago
315,Reeluma,2h 03m 16s,Cartridge,1 year ago
316,ConHawk013,2h 03m 19s,Cartridge,4 years ago
316,_34elraaK_,2h 03m 19s,Digital,8 months ago
318,indoorrliving,2h 03m 20s 660ms,Cartridge,1 year ago
319,MoneyMan2712,2h 03m 25s,Cartridge,6 months ago
320,squidddo,2h 03m 28s,Cartridge,3 months ago
321,MadCoffeeDragon,2h 03m 34s 680ms,Digital,2 months ago
322,Rockhellio,2h 03m 35s,Cartridge,1 year ago
323,wuy21,2h 03m 52s 790ms,Digital,2 weeks ago
324,Octo_Oil,2h 03m 53s,Cartridge,7 months ago
325,Nosnos,2h 03m 54s,Cartridge,1 year ago
326,Sniff1234,2h 03m 58s,Cartridge,4 years ago
326,jangerannt,2h 03m 58s,Cartridge,3 years ago
328,yoshimario40,2h 03m 59s 097ms,Cartridge,1 month ago
329,Tushy,2h 04m 00s 340ms,Cartridge,2 months ago
330,MrDeykin,2h 04m 03s,Digital,4 years ago
331,llTimelessll,2h 04m 08s,Cartridge,4 years ago
331,AqUa_iGamer,2h 04m 08s,Digital,3 years ago
333,McKiddy,2h 04m 10s,Cartridge,1 year ago
334,Great__Value,2h 04m 11s,Cartridge,3 years ago
335,The4thGenGamer,2h 04m 13s,Cartridge,8 months ago
336,Lluma,2h 04m 16s 842ms,Cartridge,3 months ago
337,Me_Tube,2h 04m 21s,Cartridge,1 year ago
338,NarKa,2h 04m 25s 660ms,Digital,3 months ago
339,Ninjazane7474,2h 04m 31s,Cartridge,1 month ago
340,Waino,2h 04m 39s 640ms,Cartridge,3 months ago
341,Lolovp,2h 04m 41s 014ms,Cartridge,6 months ago
342,joinkyjoints,2h 04m 43s 430ms,Digital,3 months ago
343,uhhyea,2h 04m 46s 180ms,Digital,1 year ago
344,SaintWill,2h 04m 48s,Cartridge,2 years ago
345,FriendTrain,2h 04m 53s 500ms,Cartridge,2 months ago
346,Rose_The_Sicko,2h 04m 59s,Cartridge,1 year ago
347,aronipeperoni,2h 04m 59s 490ms,Cartridge,3 months ago
348,OGJeffJeffington,2h 05m 00s 340ms,Digital,2 months ago
349,Mattinatorr,2h 05m 01s 221ms,Cartridge,1 year ago
350,tobinho36,2h 05m 06s 091ms,Cartridge,1 year ago
351,TheTenornator,2h 05m 10s 410ms,Cartridge,2 months ago
352,Bassio13,2h 05m 12s,Cartridge,2 years ago
353,Bauer_Braunsi,2h 05m 21s,Cartridge,1 year ago
354,kingjeffwx,2h 05m 22s,Digital,3 months ago
355,jonsku1,2h 05m 26s,Cartridge,6 months ago
356,TheGamingGabe,2h 05m 27s,Cartridge,3 years ago
357,CheeseJamez,2h 05m 28s,Digital,2 years ago
357,ZupaTr00pa,2h 05m 28s,Cartridge,2 months ago
359,BonfireProject,2h 05m 29s,Cartridge,1 month ago
360,mr.lag9805,2h 05m 29s 985ms,Cartridge,2 years ago
361,Tekman04,2h 05m 31s,Cartridge,2 years ago
362,ItsRyleeDuhh,2h 05m 36s 018ms,Digital,9 months ago
363,IAmTHESpaz,2h 05m 38s 011ms,Cartridge,8 months ago
364,MyFavoriteDonkey,2h 05m 44s,Cartridge,1 year ago
365,Claridge,2h 05m 47s 022ms,Cartridge,1 year ago
366,Rytel,2h 05m 57s 422ms,Cartridge,2 years ago
367,Anf4lkan,2h 05m 57s 990ms,Digital,1 month ago
368,yooridotspace,2h 06m 01s 960ms,Digital,2 months ago
369,SAS_jej,2h 06m 08s 081ms,Digital,1 month ago
370,Bunny666hunter,2h 06m 21s,Cartridge,1 year ago
371,Nittro,2h 06m 25s,Cartridge,2 months ago
372,Inkling925,2h 06m 27s 040ms,Digital,3 months ago
373,Bubble_Cat,2h 06m 34s,Cartridge,1 year ago
374,Gavin_is_Nerd,2h 06m 38s 026ms,Digital,1 year ago
375,Thamose,2h 06m 42s 062ms,Cartridge,2 months ago
376,LilFam2312,2h 06m 45s 561ms,Digital,1 year ago
377,Thaeorn,2h 06m 46s 900ms,Digital,1 month ago
378,zombifocation,2h 06m 47s 005ms,Digital,1 year ago
379,bedavisofficial,2h 06m 49s,Cartridge,2 weeks ago
380,ThalVatti,2h 06m 59s,Cartridge,3 years ago
381,M.T.YT,2h 07m 01s 053ms,Cartridge,1 year ago
382,AntBlueR,2h 07m 06s,Cartridge,1 year ago
383,Aimconquest,2h 07m 15s 914ms,Cartridge,1 month ago
384,markivist,2h 07m 22s 360ms,Digital,2 months ago
385,alexocho15,2h 07m 24s,Cartridge,4 years ago
386,romulostx,2h 07m 35s,Cartridge,4 years ago
387,elpresidenterey,2h 07m 35s 032ms,Cartridge,1 year ago
388,shakencarpet888,2h 07m 38s,Cartridge,4 years ago
389,Jambl3r,2h 07m 48s,Digital,8 months ago
390,pz0001,2h 07m 53s,Cartridge,2 years ago
391,SlipperyBigMoist,2h 07m 55s,Digital,3 years ago
392,charlie10953,2h 08m 03s 930ms,Cartridge,3 months ago
393,SmallSkies,2h 08m 07s 065ms,Cartridge,8 months ago
394,garionoldwolf,2h 08m 25s,Digital,4 years ago
395,SpiritFlurry,2h 08m 47s,Digital,3 months ago
396,sclajc,2h 09m 11s,Cartridge,3 years ago
397,its_slurmpy,2h 09m 42s 780ms,Cartridge,2 months ago
398,eWah17,2h 09m 49s,Digital,1 year ago
399,JuegAriel,2h 09m 56s,Cartridge,2 years ago
400,Rithderg,2h 10m 11s 430ms,Cartridge,3 months ago
401,itsmeinsane,2h 10m 12s 210ms,Digital,3 months ago
402,Shadow_Kun7,2h 10m 17s,Cartridge,3 years ago
403,AerisGM,2h 10m 56s 560ms,Cartridge,3 months ago
404,speedrunningiscool,2h 11m 03s,Cartridge,4 years ago
405,kanjicasual,2h 11m 20s 240ms,Cartridge,2 months ago
406,Spinning_Banner,2h 11m 30s 280ms,Cartridge,4 months ago
407,N00banator912,2h 12m 12s 380ms,Cartridge,1 year ago
408,Zennon,2h 12m 23s,Cartridge,2 months ago
409,Darkmistral,2h 12m 26s,Cartridge,3 years ago
410,smb3gamer,2h 12m 38s 756ms,Digital,11 months ago
411,Frozzle,2h 13m 31s 350ms,Cartridge,1 year ago
412,Bitsy,2h 14m 09s,Cartridge,4 years ago
413,NeoHummel,2h 14m 17s 415ms,Cartridge,3 months ago
414,Eddy2013,2h 14m 33s,Cartridge,6 months ago
415,yuryuF,2h 14m 35s 021ms,Digital,1 year ago
416,Pekomora,2h 14m 45s,Cartridge,1 year ago
417,Maforpro8,2h 15m 55s 088ms,Cartridge,1 year ago
418,awesum8r,2h 19m 28s,Cartridge,4 years ago
419,PinkiiBoii,2h 22m 14s 190ms,Cartridge,2 months ago
420,ProjectNami,2h 24m 14s,Cartridge,4 years ago