date,race,room,host,team,cc,trk,swushwoi,mooney,Kody,syrupgraf,FruitYoshi,zipcola,SupDos,Sarah,Fnctioneel,Thomas,Nick,Frank,Clint,Ryreaka,gamergirl,Dark Clint,HeyIsCarl,Kanye,Marc,Dozer,plop,Jackiee,xen,Jihyo,Drift King,isa,DylanTonn,.-.,Sprout,fartamor,Snurglez,Yllix,Crunky,Jedi,ZAIN,J.J.tiddly,pekora,Misa,hen,bussyhshra,Plank,pokimane,kaleighboo,Peter,McKayla,Dawn,BatChest,Jim,CHRiS,Brycen,chlo,hvaniceday,hi chat,BigTodd,Danny,6 papayas,rit btw,Boomy,emoney7,OllyBOT,LEMONNYYY,march,caires,jjaamm,suki,moon2O,elise,KaedenKing,Andie,DeltaFRZ,Robzerino,oolaalee,Eskiber,Goio
2022-02-16,1,world,,,150,dNBC,,,,,,,,,,,,,12,,,,,,,,,,,,,,,,,,,,,,,,,,,,,,,,,,,,,,,,,,,,,,,,,,,,,,,,,,,,,
2022-02-16,2,world,,,150,rYV,,,,,,,,,,,,,9,,,,,,,,,,,,,,,,,,,,,,,,,,,,,,,,,,,,,,,,,,,,,,,11,,,,,,,,,,,,,,
2022-02-16,3,world,,,150,dEA,,,,,,,,,,,,,12,,,,,,,,,,,,,,,,,,,,,,,,,,,,,,,,,,,,,,,,,,,,,,,10,,,,,,,,,8,,,,,
2022-02-16,4,world,,,150,rCCB,,,,,,,,,,,,,1,,,,,,,,,,,,,,,,,,,,,,,,,,,,,,,11,,,,,,5,,,,,,,,,,7,,,,,,,,,12,,,,,
2022-02-16,5,world,,,150,dBB,,6,,,,,,,,,,,10,,,,,,,,,,,,,,,,,,,,,,,,,,,,,,,,,,,,,,,,,,,,,,,,,,,,,,,,,,,,,
2022-02-16,6,world,,,150,dCL,,6,,,,,,,,,,,10,,,,,,,,,,,,,,,,,,,,,,,,,,,,,,,12,,,,,,,,,,,,,,,,,,,,,,,,11,,,,,,
2022-02-16,7,world,,,150,rYV,,3,,,,,,,,,,,2,,,,,,,,,,,,,,,,,,,,,,,,,,,,,,,11,,,,,,,,,,,,,,,,,,,,,,9,7,4,,,,,,
2022-02-16,8,world,,,150,BDD,,1,,,,,,,,,,,10,,,,,,,,,,,,,,,,,7,,,,,,,,,,,,,,12,,,,,,8,,,,,,,,,,,,,,,,9,11,2,,,,,,
2022-02-16,9,world,,,200,dWGM,,1,,,,,,,,,,,4,,,,,,,,,,,,,,,,,11,,,,,,,,,,,,5,,,,,,,,9,,,,,,,,,,,,,,,,6,8,12,,,,,,
2022-02-16,10,world,,,150,dHC,,1,,,,,,,,,,,3,,,,,,,,,,,,,,,,,11,,,,,,,,,,,,6,,,,,,,,8,,,,,,,,,,,,12,,,,7,9,5,,,,,,
2022-02-16,11,world,,,150,rDKJ,,1,,,,,,,,,,,5,,,,,,,,,,,,,,,,,10,,,,,,,,,,,,4,,,,,,,,6,,,,,,,,,,,,2,,,3,11,7,8,,,,,,
2022-02-16,12,world,,,150,MW,,2,,,,,,,,,,,3,,,,,,,,,,,4,,,,,,1,,,,,,,,,,,,6,,,,,,,,11,,,,,,,,,,9,,5,,,12,8,7,10,,,,,,
2022-02-16,13,world,,,150,SA,,1,,,,,,,,,,,4,,,,,,,,,,,2,,,,,,6,,,,,,,,,,,,3,,,,,,,,8,,,,,,,,,,12,,10,,,5,11,7,9,,,,,,
2022-02-16,14,world,,,150,dIIO,,1,,,,,,,,,,,3,,,,,,,,,,,10,,,,,,6,,,,,,,,,,,,4,,,,,,,,12,,,,,,,,,,11,,8,,,9,2,7,5,,,,,,
2022-02-16,15,world,,,150,rMMM,,1,,,,,,,,,,,8,,,,,,,,,,,3,,,,,,12,,,,,,,,,,,,5,,,,,,,,4,,,,,,,,,,10,,2,,,6,9,7,11,,,,,,
2022-02-16,16,world,,,150,dRR,,2,,,,,,,,,,,6,,,,,,,,,,,1,,,,,,7,,,,,,,,,,,,8,,,,,,,,3,,,,,,,,,,12,,9,,,4,11,10,5,,,,,,
2022-02-16,17,world,,,150,TH,,1,,,,,,,,,,,7,,,,,,,,,,,10,,,,,,8,,,,,,,,,,,,3,,,,,,,,2,,,,,,,,,,9,,6,,,4,12,11,,,,,,,
2022-02-16,18,world,,,150,dSBS,,12,,,,,,,,,,,2,,,,9,,,,,,,1,,,,,,8,,,,,,,,,,,,5,,,,,,,,7,,,,,,,,,,6,,11,,,3,4,10,,,,,,,
2022-02-16,19,world,,,150,MC,,,,,,,,,,,,,3,,,,4,,,,,,,2,,,,,,7,,,,,,,,,,,,6,,,,,,,,10,,,,,,,,,,12,,1,,,8,11,9,,,,,,,
2022-02-16,20,world,,,150,rRRy,,,,,,,,,,,,,2,,,,7,,,,,,,3,,,,,,4,,,,,,,,,,,,1,,,,,,,,5,,,,,,,,,,11,,12,,,6,10,9,,,,,,,
2022-02-16,21,world,,,150,SSC,,,,,,,,,,,,,4,,,,9,,,,,,,1,,,,,,12,,,,,,,,,,,,5,,,,,,,,10,,,,,,,,,,8,,2,,,3,7,11,,,,,,,
2022-02-16,22,world,,,150,dBB,,,,,,,,,,,,,5,,,,6,,,,,,,4,,,,,,11,,,,,,,,,,,,3,,,,,,,,2,,,,,,,,,,9,,1,,,7,12,8,,,,,,,
2022-02-16,23,world,,,150,rDKJ,,,,,,,,,,,,,3,,,,6,,,,,,,4,,,,,,12,,,,,,,,,,,,2,,,,,,,,7,,,,,,,,,,11,,5,,,1,9,10,,,,,,,
2022-02-16,24,world,,,150,rRRy,,,,,,,,,,,,,2,,,,7,,,,,,,3,,,,,,6,,,,,,,,,,,,4,,,,,,,,12,,,,,,,,,,8,,1,,,5,11,10,,,,,,,
2022-02-16,25,world,,,150,dYC,,,,,,,,,,,,,3,,,,10,,,,,,,1,,,,,,11,,,,,,,,,,,,4,,,,,,,,5,,,,,,,,,,8,,2,,,9,6,7,,,,,,,
2022-02-16,26,world,,,150,rWS,,,,,,,,,,,,,4,,,,6,,,,,,,1,,,,,,3,,,,,,,,,,,,8,,,,,,,,9,,,,,,,,,,12,,2,,,5,7,10,,,,,,,
2022-02-16,27,world,,,150,dWW,,,,,,,,,,,,,5,,,,9,,,,,,,1,,,,,,6,,,,,,,,,,,,7,,,,,,,,10,,,,,,,,,,,,2,8,,4,11,12,,,,,,,
2022-02-16,28,world,,,150,dBB,,,,,,,,,,,,,10,,,,7,,,,,,,8,,,,,,11,,,,,,,,,,,,2,,,,,,,,6,,,,,,,,,,,12,4,1,,3,,5,,,,,,,
2022-02-16,29,world,,,150,dDD,,,,,,,,,,,,,6,,,,12,,,,,,,5,,,,,,7,,,,,,,,,,,,9,,,,,,,,8,,,,,,,,,,,3,10,4,,1,,2,,,,,,,
2022-02-16,30,world,,,150,rWS,,,,,,,,,,,,,3,,,,12,,,,,,,1,,,,,,4,,,,,,,,,,,,6,,,,,,,,5,,,,,,,,10,,,11,8,9,,2,,7,,,,,,,
2022-02-16,31,world,,,150,rDKJ,,,,,,,,,,,,,1,,,,9,,,,,,,2,,,,,,5,,,,,,,,,,,,12,,,,,,,,8,,,,,,,,4,,,10,3,7,,6,,11,,,,,,,
2022-02-16,32,world,,,150,rSL,,,,,,,,,,,,,9,,,,10,,,,,,,1,,,,,,5,,,,,,,,,,,,4,,,,,,,,7,,,,,,,,12,,,8,6,3,,2,,11,,,,,,,
2022-02-16,33,world,,,150,dYC,,,,,,,,,,,,,4,,,,3,,,,,,,1,,,,,,10,,,,,,,,,,,,12,,,,,,,,5,,,,,,,,6,,,8,9,7,,11,,2,,,,,,,
2022-02-16,34,world,,,150,rMP,,,,,,,,,,,,,4,,,,10,,,,,,,2,,,,,,7,,,,,,,,,,,,6,,,,,,,,3,,,,,,,,8,,,12,9,1,,5,,11,,,,,,,
2022-02-16,35,world,,,150,WP,,,,,,,,,,,,,5,,,,12,,,,,,,2,,,,,,4,,,,,,,,,,,,7,,,,,,,,6,,,,,,,,10,,,9,8,1,,11,,3,,,,,,,
2022-02-16,36,world,,,150,rWS,,,,,,,,,,,,,3,,,,,,,,,,,1,,,,,,9,,,,,,,,,,,,6,,,,,8,,,7,,,,,,,,4,,,11,12,2,5,10,,,,,,,,,
2022-02-16,37,world,,,150,MW,,,,,,,,,,,,,12,,,,,,,,,,,1,,,,,,3,,,,,,,,,,,,2,,,,,6,,,7,,,,,,,,9,,,10,8,5,11,4,,,,,,,,,
2022-02-16,38,world,,,150,dSBS,,,,,,,,,,,,,4,,,,,,,,,,,1,,,,,,10,,,,,,,,,,,,7,,,,,8,,,6,,,,,,,,12,,,9,2,5,11,3,,,,,,,,,
2022-02-16,39,world,,,150,dEA,,,,,,,,,,,,,5,,,,,,,,,,,2,,,,,,12,,,,,,,,,,,,6,,,,,1,,,11,,,,,,,,9,,,3,10,7,8,4,,,,,,,,,
2022-02-16,40,world,,,150,Ed,,,,,,,,,,,,,1,,,,,,,,,,,11,,,,,,5,,,,,,,,,,,,8,,,,,4,,,2,,,,,,,,12,,,10,3,6,9,7,,,,,,,,,
2022-02-16,41,world,,,200,RR,,,,,,,,,,,,,2,,,,,,,,,,,1,,,,,,6,,,,,,,,,,,,11,,,,,9,,,7,,,,,,,,4,,,10,3,8,12,5,,,,,,,,,
2022-02-16,42,world,,,150,dAC,,,,,,,,,,,,,10,,,,,,,,,,,4,,,,,,6,,,,,,,,,,,,7,,,,,5,,,3,,,,,,,,9,,,8,2,1,11,,,,,,,,,,
2022-02-16,43,world,,,150,CC,,,,,,,,,,,,,5,,,,,,,,,,,3,,,,,,10,,,,,,,,,,,,8,,,,,4,,,9,,,,,,,,2,,,11,6,1,12,7,,,,,,,,,
2022-02-16,44,world,,,150,rRRy,,,,,,,,,,,,,4,,,,,,,,,,,2,,,,,,8,,,,,,,,,,,,6,,,,,9,,,5,,,,,,,,10,,,11,7,1,12,3,,,,,,,,,
2022-02-16,45,world,,,150,rDP3,,,,,,,,,,,,,9,,,,,,,,,,,1,,,,,,6,,,,,,,,,,,,4,,,,,7,,,3,,,,,,,,2,,,5,11,10,12,8,,,,,,,,,
2022-02-16,46,world,,,150,rMC,,,,,,,,,,,,,10,,,,,,,,,,,3,,,,,,8,,,,,,,,,,,,5,,,,,11,,,7,,,,,,,,9,,,1,6,4,12,2,,,,,,,,,
2022-02-16,47,world,,,150,TR,,,,,,,,,,,,,7,,,,,,,,,,,2,,,,,,4,,,,,,,,,,,,5,,,,,3,,,8,,,,,,,,12,,,9,11,10,6,1,,,,,,,,,
2022-02-16,48,world,,,150,rYV,,,,,,,,,,,,,6,,,,,,,,,,,3,,,,,,10,,,,,,,,,,,,4,,,,,7,,,8,,,,,,,,2,,,11,5,1,12,9,,,,,,,,,
2022-02-16,49,world,,,150,dWGM,,,,,,,,,,,,,10,,,,,,,,,,,4,,,,,,11,,,,,,,,,,,,9,,,,,1,,,8,,,,,,,,6,,,7,2,3,12,5,,,,,,,,,
2022-02-16,50,world,,,150,rMMM,,,,,,,,,,,,,2,,,,,,,,,,,9,,,,,,,,,,,,,,,,,,6,,,,,8,1,,4,,,,,,,,7,,,11,12,5,10,3,,,,,,,,,
2022-02-16,51,world,,,150,rRRy,,,,,,,,,,,,,9,,,,,,,,,,,1,,,,,,,,,,,,,,,,,,10,,,,,6,7,,5,,,,,,,,3,,,4,8,11,12,2,,,,,,,,,
2022-02-16,52,world,,,150,rCCB,,,,,,,,,,,,,2,,,,,,,,,,,6,,,,,,,,,,,,,,,,,,5,,,,,1,4,,9,,,,,,,,10,,,11,12,3,8,7,,,,,,,,,
2022-02-16,53,world,,,150,rYV,,,,,,,,,,,,,1,,,,,,,,,,,5,,,,,,,,,,,,,,,,,,7,,,,,12,4,,8,,,,,,,,6,,,11,9,3,10,2,,,,,,,,,
2022-02-16,54,world,,,150,CC,,,,,,,,,,,,,9,,,,,,,,,,,1,,,,,,,,,,,,,,,,,,5,,,,,10,11,,3,,,,,,,,6,,,12,7,8,4,2,,,,,,,,,
2022-02-16,55,world,,,150,dCL,,,,,,,,,,,,,2,,,,,,,,,,,3,,,,,,10,,,,,,,,,,,,6,,,,,5,9,,7,,,,,,,,11,,,,4,1,12,8,,,,,,,,,
2022-03-08,1,world,,,150,MC,,1,,,,,,,,,,,9,,,,,,,,,,,,,,,,,,,,,,,,,,,,,8,,,,,,,,,,,,,,,,,,,4,,,,,,,,,,11,,,
2022-03-08,2,world,,,150,dBB,,1,,,,,,,,,,,11,,,,,,,,,,,,,,,,,,,,,,,,,,,,,9,,,,,,,,,,,,,,,,,,,8,,,,,,,,,,6,,,
2022-03-08,3,world,,,150,rWS,,5,,,,,,,,,,,11,,,,,,,,1,,,,,,,,,,,,,,,,,,,,,4,,,,,,,,,,,,,,,,,,,12,,,,,,,,,,2,,,
2022-03-08,4,world,,,150,SSC,,1,,,,,,7,,,,,3,,,,,,,,11,,,,,,,,,,,,,,,,,,,,,8,,,,,,,,,,,,,,,,,,,9,,,,,,,,,,6,,,
2022-03-08,5,world,,,200,MC,,4,,,,,,9,,,,,5,,,,,,,,2,,,,,,,,,,,,,,,,,,,,,8,,,,11,,,,,,,,,,,,,,,12,,,,,,,,,,10,,,
2022-03-08,6,world,,,150,dRiR,,1,,,,,,9,,,,,6,,,,,,,,10,,,,,,,,,,,,,,,,,,,,,5,,,,4,,,,,,,,,,,,,,,11,,,,,,,,,,12,,,
2022-03-08,7,world,,,150,rRRy,,4,,,,,,6,,,,,8,,,,,,,,3,,,,,,,,,,,,,,,,,,,,,2,,,,5,,,,,,,,,,,,,,,7,,,,,,,,,,1,,,
2022-03-08,8,world,,,150,MC,,3,,,,,,7,,,,,5,,,,,,,,11,,,,,,,,,,,,,,,,,,,,,8,,,,1,,,,,,10,,,,,,,,,6,,,,,,,,,,4,,,
2022-03-08,9,world,,,150,rRRd,,7,,,,,,10,,,,,5,,,,,,,,8,,,,,,,,,,,,,,,,,,,,,1,,,,2,,,,,,12,,,,,,,,,9,,,,,,,,,,4,,,
2022-03-08,10,world,,,150,dYC,,1,,,,,,12,,,,,10,,,,,,,,3,,,,,,,,,,,,,,,,,,,,,11,,,,7,,,,,,6,,,,,,,,,5,,,,,,,,,,4,,,
2022-03-08,11,world,,,150,dWGM,,1,,,,,,9,,,,,2,,,,,,,,4,,,,,,,,,,,,,,,,,,,,,3,,,,10,,,,,,7,,,,,,,,,12,,,,,,,,,,5,,,
2022-03-08,12,world,,,150,dBB,,4,,,,,,9,,,,,5,,,,,,,,7,,,,,,,,,,,,,,,,,,,,,6,,,,2,,,,,,11,,,,,,,,,10,,,,,,,,,,1,,,
2022-03-08,13,world,,,150,MW,,2,,,,,,8,,,,,3,,,,,,,,5,,,,,,,,,,,,,,,,,,,,,4,,,,1,,,11,,,10,,,,,,,,,9,,,,6,,,,,,7,,,
2022-03-08,14,world,,,150,dRR,,2,,,,,,8,,,,,4,,,,,,,,10,,,,,,,,,,,,,,,,,,,,,12,,,,1,,,11,,,7,,,,,,,,,3,,,,6,,,,,,5,9,,
2022-03-08,15,world,,,150,rCCB,,2,,,,,,6,,,,,12,,,,,,,,3,,,,,,,,,,,,,,,,,,,,,4,,,,8,,,11,,,5,,,,,,,,,10,,,,9,,,,,,7,1,,
2022-03-08,16,world,,,150,rDP3,,1,,,,,,12,,,,,9,,,,,,,,11,,,,,,,,,,,,,,,,,,,,,5,,,,2,,,10,,,7,,,,,,,,,8,,,,3,,,,,,4,6,,
2022-03-08,17,world,,,150,dEA,,2,,,,,,7,,,,,6,,,,,,,,3,,,,,,,,,,,,,,,,,,,,,4,,,,9,,,11,,,5,,,,,,,,,12,,,,1,,,,,,10,8,,
2022-03-08,18,world,,,150,Ed,,4,,,,,,7,,,,,2,,,,,,,,12,,,,,,,,,,,,,,,,,,,,,1,,,,5,,,11,3,,,,,,,,,,,9,,,,10,,,,,,6,8,,
2022-03-08,19,world,,,150,rDKJ,,,,,,,,11,,,,,9,,,,,,,,,,,,,,,,,12,4,,,,,,,,,,2,7,,,,1,,,,8,,,,,,,,,,,,10,,,6,,,,,,,,5,
2022-03-08,20,world,,,150,rCCB,,,,,,,,5,,,,,9,,,,,,,,,,,,,,,,,10,11,,,,,,,,,,7,12,,,,1,,,,6,,,,,,,,,,,,3,,,2,,,,,,,,4,
2022-03-08,21,world,,,150,SA,,,,,,,,11,,,,,12,,,,,,,,,,,,,,,,,6,1,,,,,,,,,,9,4,,,,3,,,,10,,,,,,,,,,,,2,,,5,,,,,,,,8,
2022-03-08,22,world,,,150,dAC,,,,,,,,12,,,,,3,,,,,,,,,,,,,,,,,9,5,,,,,,,,,,1,6,,,,2,,,,8,,,,,,,,,,,,11,,,7,,,,,,,,10,
2022-03-08,23,world,,,150,dBB,,,,,,,,9,,,,,8,,,,,,,,,,,,,,,,,11,6,,,,,,,,,,1,3,,,,10,,,,12,,,,,,,,,,,,7,,,2,,,,,,,,5,
2022-03-08,24,world,,,150,MW,,,,,,,,11,,,,,7,,,,,,,,,,,,,,,,,3,2,,,,,,,,,,5,1,,,,12,,,,9,,,,,,,,,,,,10,,,6,,,,,,,,4,
2022-03-08,25,world,,,150,dMC,,,,,,,,8,,,,,11,,,,,,,,,,,,,,,,,4,5,,,,,,,,,,10,7,,,,3,,,,9,,,,,,,,,,,,1,,,2,,,,,,,,6,
2022-03-08,26,world,,,150,BC,,,,,,,,8,,,,,9,,,,,,,,,,,,,,,,,6,2,,,,,,,,,,12,7,,,,3,,,,11,,,,,,,,5,,,,10,,,4,,,,,,,,1,
2022-03-08,27,world,,,200,dNBC,,,,,,,,11,,,,,7,,,,,,,,,,,,,,,,,6,2,,,,,,,,,,12,10,,,,4,,,,9,,,,,,,,1,,,,8,,,3,,,,,,,,5,
2022-03-08,28,world,,,150,dYC,,,,,,,,5,,,,,11,,,,,,,,,,,,,,,,,4,7,,,,,,,,,,12,1,,,,10,,,,6,,,,,,,,8,,,,2,,,3,,,,,,,,9,
2022-03-08,29,world,,,150,rRRd,,,,,,,,5,,,,,2,,,,,,,,,,,,,,,,,10,8,,,,,,,,,,12,9,,,,7,,,,4,,,,,,,,11,,,,6,,,3,,,,,,,,1,
2022-03-08,30,world,,,150,rYV,,,,,,,,9,,,,,3,,,,,,,,,,,,,,,,,11,7,,,,,,,,,,12,5,,,,1,,,,4,,,,,,,,10,,,,2,,,8,,,,,,,,6,
2022-03-08,31,world,,,150,MC,,,,,,,,9,,,,,10,,,,,,,,,,,,,,,,,12,11,,,,,,,,,,3,4,,,,1,,,,7,,,,,,,,5,,,,2,,,6,,,,,,,,8,
2022-03-08,32,world,,,150,MKS,,,,,,,,,,,,,1,,,,,,,,,,,,,,,,,,,,,,,,,,,,,,,,,,,,,12,,,,,,,,,,,,,,,8,,,,,,,,,
2022-03-08,33,world,,,150,DS,,,,,,,,,,,,,5,,,,,,,,7,,,,,,,,,,,,,,,,,,,,,8,,,,,,,,,,,,,,,,,,,,,,,11,,,,,,,,,
2022-03-08,34,world,,,150,MC,,,,,,,,,,,,,12,,,,,,,,9,,,,,,,,,,,,,,,,,,,,,10,,,,,,,,,,,,,,,,,,,,,,,3,,,,,,,,,
2022-03-08,35,world,,,150,WP,,,,,,,,,,,,,1,,,,,,,,10,,,,,,,,,,,,,,,,,,,,,5,,,,,,,,,,,,,,,,,,8,,,,,3,,,,,,,,,
2022-03-08,36,world,,,150,dRR,,,,,,,,11,,,,,3,,,,,,,,9,,,,,,,,,,,,,,,,,,,,,5,,,,,,,,,,,,,,,,,,8,,,,,4,,,,,,,,,
2022-03-08,37,world,,,150,rCCB,,,,,,,,10,,,,,7,,,,,,,,1,,,,,,,,,,,,,,,,,,,,,5,,,,,,,,,,,,,,,,,,11,,,,,2,,,,,,,,,
2022-03-08,38,world,,,150,rMMM,,,,,,,,5,,,,,3,,,,,,,,2,,,,,,,,,,,,,,,,,,,,,11,,,,,,,,,,,,,,,,,,8,,,,,7,,,,,,,,,
2022-03-08,39,world,,,200,dWW,,,,,,,,12,,,,,1,,,,,,,,7,,,,,,,,,,,,,,,,,,,,,4,,,,,,,,,,,,,,,,,,6,,,,,8,,,,,,,,,
2022-03-08,40,world,,,200,SGF,,,,,,,,9,,,,,8,,,,,,,,4,,,,,,,,,,,,,,,,,,,,,2,,,,,,,,,,,,,,,,,,1,,,,,6,,,,,,,,,
2022-03-08,41,world,,,150,rYV,,,,,,,,8,,,,,5,,,,,,,,1,,,,,,,,,,,,,,,,,,,,,3,,,,,6,,,,,,,,,,,,,11,,,,,10,,,,,9,,,,
2022-03-08,42,world,,,150,Ed,,,,,,,,8,,,,,1,,,,,,,,5,,,,,,,,,,,,,,,,,,,,,10,,,,,3,,,,,,,,,,,,,9,,,,,7,,,,,11,,,,
2022-03-08,43,world,,,150,rDKJ,,,,,,,,12,,,,,7,,,,,,,,3,,,,,,,,,,,,,,,,,,,,,9,,,,,4,,,,,,,,,,,,,11,,,,,6,,,,,5,,,,
2022-03-08,44,world,,,150,SA,,,,,,,,7,,,,,9,,,,,,,,5,,,,,,,,,,8,,,,,,,,,,,4,,,,,3,,,,,,,,,,,,,12,,,,,2,,,,,11,,,,
2022-03-08,45,world,,,150,dNBC,,,,,,,,7,,,,,12,,,,,,,,9,,,,,,,,,,11,,,,,,,,,,,10,,,,,8,,,,,,,,,,,,,,,,,,4,,,,,3,,,,5
2022-03-08,46,world,,,150,dSBS,,,,,,,,8,,,,,3,,,,,,,,9,,,,,,,,,,7,,,,,,,,,,,4,,,,,6,,,,,,,,,,,,,,,,,,12,,,,,11,,,,5
2022-03-11,1,world,,,150,dNBC,,,,,,,,,,,,,1,,,,,,,,,,,,,,,,,,,,,,,,,,,,,,,,,,,,,,,,,,,,,,,,,,,,,,,,,,,,,
2022-03-11,2,world,,,150,rDKJ,,,,,,,,,,,,,1,,,,,,,,,,,,,,,,,,,,,,,,,,,,,,,,,,,,,,,,,,,,,,,,,,,,,,,,,,,,,
2022-03-11,3,world,,,150,TH,,,,,,,,,,,,,6,,,,,,,,,,,,,,,,,,3,,,,,,,,,,,,,,,,,,,,,,,,,,,,,,,,,,,,,,,,,,,
2022-03-11,4,world,,,150,dNBC,,,,,,,,,,,,,7,,,,,,,,,,,,,,,,,,9,,,,,,,,,,,,,,,,,,,,,,,,,,,,,,,,,,,,,,,,,,,
2022-03-11,5,world,,,150,dWGM,,,,,,,,,,,,,8,9,,,,,,,,,,,,,,,,,4,,,,,,,,,,,,,,,,,,,,,,,,,11,,,,,,,,,,,,,,,,,,
2022-03-11,6,world,,,150,MW,,,,,,,,,,,,,9,5,,,,,,,,,,,,,,,,,1,,,,,,,,,,,,,,,,,,,,,,,,,7,,,,,,,,,,,,,,,,,,
2022-03-11,7,world,,,150,rWS,,,,,,,,,,,,,10,4,,,6,,,,,,,,,,,,,3,5,,,,,,,,,,,,,,,,,,,,,,,,,7,,,,,,,,,,,,,,,,,,
2022-03-11,8,world,,,150,rYV,,,,,,,,,,,,,8,9,,,10,,,,,,,,,,,,,5,11,,,,,,,,,,,,,,,,,,,,,,,,,7,,,,,,,,,,,,,,,,,,
2022-03-11,9,world,,,150,SGF,,,,,,,,,,,,,8,9,,,10,,,,,,,,,,,,,2,7,,,,,,,,,,,,,,,,,,,,,,,,,1,,,,,,,,,,,,,,,,,,
2022-03-11,10,world,,,150,DS,,,,,,,,,,,,,11,12,,,4,,,,,,,,,,,,,10,8,,,,,,,,,,,,,,,,,,,,,,,,,3,,,5,,6,,,,,,,,,,,,,
2022-03-11,11,world,,,150,TM,,,,,,,,,,,,,7,12,,,4,,,,,,,,,,,,,3,8,,,,,,,,,,,,,,,,,,,,,,,,,6,,,10,,2,,,,,,,,,,,,,
2022-03-11,12,world,,,150,dSBS,,1,,,,,,,,,,,12,3,,,6,,,,,,,,,,,,,8,4,,,,,,,,,,,,,,,,,,,,,,,,,7,,,9,,10,,,,,,,,,,,,,
2022-03-11,13,world,,,150,rTTC,,1,,,,,,,,,,,5,12,,,9,,,,,,,,,,,,,11,3,,,,,,,,,,,,,,,,,,,,,,,,,10,,,8,,4,,,,,,,,,,,,,
2022-03-11,14,world,,,150,rSL,,1,,,,,,,,,,,10,6,,,7,,,,,,,,,,,,,2,11,,,,,,,,,,,,,,,,,,,,,,,,,5,,,8,,9,,,,,,,,,,,,,
2022-03-11,15,world,,,150,rMMM,,,,,,,,,,,,,4,,,,,,,,,,,,,,,,,,,,,,,,,,,,,,,,,,,,,,,,,,,,,,,,,,,,,,,,,,,,,
2022-03-11,16,world,,,150,WP,,,,,,,,,,,,,1,,,,,,,,,,,,,,,,,,,,,,,,,,,,,,,,,,,,,,,,,,,,,,,,,,,,,,,,,,,,,
2022-03-11,17,world,,,150,dCL,,,,,,,,,,,,,6,,,,,,,,,,,,,,,,,,,,,,,,,,,,,,,,,,,,,,,,,,,,,,,,,,,,,,,,,,,,,
2022-03-11,18,world,,,150,rTTC,,,,,,,,,,,,,2,,,,,,,,,,,,,,,,,8,,,,,,,,,,,,,,,,,,,,,,,,,,,,,,,,,,,,,,,,,,,,
2022-03-11,19,world,,,150,RR,,,,,,,,,,,,,5,,,,,,,,,,,,,,,,,8,,,,,,,,,,,,2,,,,,,,,,,,,,,,,,,,,,,,,,,,,,,,,
2022-03-11,20,world,,,150,dMC,,1,,,,,,,,,,,9,,,,,,,,,,,,,,,,,11,,,,,,,,,,,,6,,,,,8,,,,,,,,,,,,5,,,,,,,,,,,,,,,
2022-03-11,21,world,,,150,TH,,1,,,,,,,,,,,6,,,,10,,,,,,,,,,,,,7,,,,,,,,,,,,9,,,,,4,,,,,,,8,,,,,12,,,,,,,,,,,,,,,
2022-03-11,22,world,,,150,RR,,1,,,,,,,,,,,7,,,,6,,,,,,,,,,,,,9,,,,,,,,,,,,11,,,,,4,,,,,,,10,,,,,3,,,,,,,,,,,,,,,
2022-03-11,23,world,,,150,dRR,,1,,,,,,,,,,,11,,,,7,,,,,,,,,,,,,3,,,,,,,,,,,,8,,,,,9,,,,,,,12,,,,,5,,,,,,,,,,,,,,,
2022-03-11,24,world,,,150,CC,,1,,,,,,,,,,,8,,,,10,,,,,,,,,,,,,2,,,,,,,,,,,,3,,,,,5,,,,,,,,,,9,,11,,,,,,,,,,,,,,,
2022-03-11,25,world,,,150,rMMM,,6,,,,,,,,,,,10,,,,9,,,,,,,,,,,,,1,,,,,,,,,,,,4,,,,,12,,,,,,,,,,8,,3,5,,,,,,,,,,,,,,
2022-03-11,26,world,,,150,DS,,1,,,,,,,,,,,9,,,,10,,,,,,,,,,,,,4,,,,,,,,,,,,3,,,,,5,,,,,,,,,,2,,7,8,,,,,,,,,,,,,,
2022-03-11,27,world,,,150,rCCB,,1,,,,,,,,,,,2,,,,10,,,,,,,,,,,,,7,,,,11,,,,,,,,3,,,,,6,,5,,,,,,,,9,,4,12,,,,,,,,,,,,,,
2022-03-11,28,world,,,150,dHC,,2,,,,,,,,,,,1,,,,5,,,,,,,,,,,,,12,,,,11,,,,,,,,10,,,,,9,,8,,,,,,,,4,,7,6,,,,,,,,,,,,,,
2022-03-11,29,world,,,150,SGF,,3,,,,,,,,,,,12,,,,4,,,,,,,,,,,,,2,,,,8,,,,,,,,6,,,,,11,,1,,,,,,,,5,,9,10,,,,,,,,,,,,,,
2022-03-11,30,world,,,150,BC,,1,,,,,,,,,,,8,,,,10,,,,,,,,,,,,,9,,,,5,,,,,,,,11,,,,,2,,7,,,,,,,,4,,6,12,,,,,,,,,,,,,,
2022-03-11,31,world,,,150,rRRd,,1,,,,,,,,,,,10,,,,11,,,,,,,,,,,,,8,,,,12,,,,,,,,9,,,,,3,,5,,,,,,,,2,,7,6,,,,,,,,,,,,,,
2022-03-11,32,world,,,150,WP,,10,,,,,,,,,,,1,,,,12,,,,,,,,,,,,,5,,,,6,,,,,,,,2,,,,,9,,7,,,,,,,,3,,8,11,,,,,,,,,,,,,,
2022-03-11,33,world,,,150,dCL,,2,,,,,,,,,,,6,,,,7,,,,,,,,,,,,,4,,,,8,,,,,,,,5,,,,,3,,12,,,,,,,,9,,11,10,,,,,,,,,,,,,,
2022-03-11,34,world,,,200,dNBC,,1,,,,,,,,,,,2,,,,9,,,,,,,,,,,,,5,,,,12,,,,,,,,6,,,,,7,,11,,,,,,,,4,,10,8,,,,,,,,,,,,,,
2022-03-11,35,world,,,150,dAC,,1,,,,,,,,,,,6,,,,8,,,,,,,,,,,,,12,,,,4,,,,,,,,5,,,,,11,,10,,,,,,,,2,,7,9,,,,,,,,,,,,,,
2022-03-11,36,world,,,150,BC,,1,,,,,,,,,,,7,,,,8,,,,,,,,,,,,,11,,,,4,,,,,,,,3,,,,,5,,9,,,,,,,,2,,10,12,,,,,,,,,,,,,,
2022-03-11,37,world,,,150,rSL,,1,,,,,,,,,,,9,,,,11,,,,10,,,,,,,,,5,,,,4,,,,,,,,3,,,,,8,,6,,,,,,,,7,,12,,,,,,,,,,,,,,,
2022-03-11,38,world,,,150,MC,,2,,,,,,,,,,,5,,,,12,,,,8,,,,,,,,,7,,,,11,,,,,,,,3,,,,,9,,10,,,,4,,,,1,,,,,,,,,,,,,,,,,
2022-03-11,39,world,,,150,rPPS,,1,,,,,,,,,,,8,,,,5,,,,9,,,,,,,,,4,,,,10,,,,,,,,11,,,,,12,,6,,,,2,,,,7,,,,,,,,,,,,,,,,,
2022-03-11,40,world,,,150,dEA,,6,,,1,,,,,,,,7,,,,12,,,,8,,,,,,,,,5,,,,10,,,,,,,,3,,,,,9,,11,,,,2,,,,,,,,,,,,,,,,,,,,,
2022-03-11,41,world,,,150,dSBS,,1,,,5,,,,,,,,8,,,,6,,,,4,,,,,,,,,7,,,,9,,,,,,,,,,,,,11,,10,,,,3,12,,,,,,,,,,,,,,,,,,,,
2022-03-11,42,world,,,150,dIIO,,1,,,2,,,,,,,,12,,,,7,,,,3,,,,,,,,,11,,,,8,,,,,,,,,,,,,9,,5,,,,4,6,,,,,,,,,,,,,,,,,,,,
2022-03-11,43,world,,,150,rRRd,,2,,,4,,,,,,,,3,,,,6,,,,12,,,,,,,,,1,,,,10,,,,,,,,,,,,,5,,9,,,,7,8,,,,,,,,,,,,,,,,,,,,
2022-03-11,44,world,,,150,dBP,,1,,,7,,,,,,,,5,,,,8,,,,10,,,,,,,,,9,,,,2,,,,,,,,,,,,,11,,12,,,,3,6,,,,,,,,,,,,,,,,,,,,
2022-03-11,45,world,,,150,dWGM,,6,,,10,,,,,,,,1,,,,11,,,,3,,,,,,,,,9,,,,7,,,,,,,,,,,,,4,,5,,,,2,12,,,,,,,,,,,,,,,,,,,,
2022-03-11,46,world,,,150,BC,,1,,,10,,,,,,,,2,,,,7,,,,4,,,,,,,,,9,,,,6,,,,,,,,,,,,,12,,5,,,,3,11,,,,,,,,,,,,,,,,,,,,
2022-03-11,47,world,,,150,TH,,1,,,10,,,,,,,,6,,,,12,,,,3,,,,,,,,,4,,,,7,,,,,,,,,,,,,,,8,,,,2,11,5,,,,,,,,,,,,,,,,,,,
2022-03-11,48,world,,,150,rDKJ,,8,,,6,,,,,,,,7,,,,10,,,,3,,,,,,,,,12,,,,11,,,,,,,,,,,,,,,5,,,,1,2,4,9,,,,,,,,,,,,,,,,,,
2022-03-11,49,world,,,150,TM,,5,,,6,,,,,,,,2,,,,11,,,,8,,,,,,,,,7,,,,12,,,,,,,,,,,,,,,10,,,,1,4,9,3,,,,,,,,,,,,,,,,,,
2022-03-11,50,world,,,150,BC,,1,,,10,,,,,,,,9,,,,5,,,,12,,,,,,,,,2,,,,4,,,,,,,,,,,,,,,8,,,,11,6,3,7,,,,,,,,,,,,,,,,,,
2022-03-11,51,world,,,150,rYV,,1,,,2,,,,,,,,6,,,,11,,,,5,,,,,,,,,7,,,,8,,,,,,,,,,,,,,,9,,,,3,12,10,4,,,,,,,,,,,,,,,,,,
2022-03-11,52,world,,,150,rMC,,2,,,10,,,,,,,,4,,,,12,,,,5,,,,,,,,,11,,,,6,,,,,,,,,,,,,,,9,,,,8,7,1,3,,,,,,,,,,,,,,,,,,
2022-03-15,1,world,,,150,TM,,,,,,,,,,,,,4,,,,,,,,,,,,,,,,,,,,,,,,,,,,,,,,,,,,,,,12,,,,,,,,,,,,,,,,,,,,,,
2022-03-15,2,world,,,150m,dCL,,,,,,,,,,,,,e,,,,,,,,,,,,,,,,,,,,,,,,,,,,,,,,,,,,,e,,e,,,,,,,,,,,,,,,,,,,,,,
2022-03-15,3,world,,,150,dEA,,,,,,,,,,,,,5,,,,,,,,,,,,,,,,,,,,,,,,,,,,,,,,,,,,,,,,,,,,,,,,,,,,,,,,,,,,,
2022-03-15,4,world,,,150,rDKJ,,,,,,,,,,,,,2,,,,,,,,,,,,,,,,,,,,,,,,,,,,,,,,,,,,,,,,,,,,,,,,,,,,,,,,,,,,,
2022-03-15,5,world,,,150,RR,,,,,,,,,,,,,e,,,,,,,,,,,,,,,,,,,,,,,,,,,,,,,,,,,,,,,,,,,,,,,,,,,,,,,,,,,,,
2022-03-15,6,world,,,150,TR,,,,,,,,,,,,,4,,,,,,,,,,,,,,,,,,,,,,,,,,,,,,,,,,,,,,,,,,,,,,,,,,,,,,,,,,,,,
2022-03-15,7,world,,,150,dHC,,,,,,,,,,,,,6,,,,,,,,,,,,,,,,,,,,,,,,,,,,,,,,,,,,,,,,,,,,,,,,,,,,,,,,,,,,,
2022-03-15,8,world,,,150,rRRy,,,,,,,,,,,,,3,,,,,,,,,,,,,,,,,,,,,,,,,,,,,,,,,,,,6,,,,,,,,,,,,,,,,,,,,,,,,,
2022-03-15,9,world,,,150,WP,,,,,,,,12,,,,,4,,,,,,,,,,,,,,,2,,,,,,,,,,,,,,,,,,,,,8,,9,,,,,,,,,,,,,,,,,,,,,,,
2022-03-15,10,world,,,150,dSBS,,,,,,,,6,,,,,4,,,,,,,,2,,,,,,3,8,,,,,,,,,,,,,,,,,,,,,7,,9,,,,,,,,,,,,,,,,,,,,,,,
2022-03-15,11,world,,,150,MW,,,,,,,,11,,,,,1,,,,,,,,4,,,,,,12,5,,,,,,,,,,,,,7,,,,,,,,10,,9,,,,,,,,,,,,,,,,,,,,,,,
2022-03-15,12,world,,,150,rTTC,,,,,,,,9,,,,,5,,,,,,,,4,,,,,,12,8,,,,,,,,,,,,,1,,,,,,,,2,,7,,,,,,,,,,,,,,,,,,,,,,,
2022-03-15,13,world,,,150,dHC,,,,,,,,e,,,,,e,,,,,,,,e,,,,,,e,e,,,,,,,,,,,,,e,,,,,,,,e,,e,,,,,,,,,,,,,,,,,,,,,,,
2022-03-15,14,world,,,150,dRR,,,,,,,,,,,,,1,,,,,,,,,,,,,,,,,,,,,,,,,,,,,,,,,,,,,,,,,,,,,,,,,,,,,,,,,,,,,
2022-03-15,15,world,,,150,MC,,,,,,,,,,,,,2,,4,,,,,,,,,,,,,,,,,,,12,,,,,,,,,11,,,,,,,,,,,,,,,,,,,,,,,,,,,,,,,
2022-03-15,16,world,,,150,MW,,,,,,,,,,,,,6,,4,,,,,,,,,,,,,,,,,,,3,,,,,,,,,12,8,,,1,,,10,,,,,,,,,,,,,,,,,,,,,,,,
2022-03-15,17,world,,,150,rMC,,,,,,,,,,,,,1,,7,,,,,,,,,,,,,,,,,,,9,,,,,,,,,12,10,,,3,,,5,,,,,,,,,,,,,,,,,,,,,,,,
2022-03-15,18,world,,,150,dMC,,,,,,,,,,,,,2,,9,,,,,,,,,,,,6,,,,,,,12,,,,,,,,,11,7,,,8,,,1,,,,,,,,,,,,,,,,,,,,,,,,
2022-03-15,19,world,,,150,WP,,,,,,,,,,,,,5,,9,,,,,,,,,,,,4,,,,,,,,,,,,,,,,11,7,,2,12,,,1,,,,,,,,,,,,,,,,,,,,,,,,
2022-03-15,20,world,,,150,SA,,,,,,,,,,,,,2,,6,,,,,,,,,,,,11,,,,,,,,,,,,,,,,12,9,,10,3,,,7,,,,,,,,,,,,,,,,,,,,,,,,
2022-03-15,21,world,,,150,rDDD,,,,,,,,,,,,,8,,6,,,,4,,,,,,,,9,,,,,,,,,,,,,,,,11,10,,1,2,,,5,,,,,,,,,,,,,,,,,,,,,,,,
2022-03-15,22,world,,,150,dNBC,,,,,,,,,,,,,6,,,,,,,,,,,,,,,,,,,,,,,,,,,,,,,,,,,,,,,,,,,,,,,,,,,,,,,,,,,,,
2022-03-15,23,world,,,150,dHC,,,,,,,,,,,,,10,,,,,,,,,,,,,,,,,,,,,,,,,,,,,,,,,,,,,,,,,,,,,,,,,,,,,,,,,,,,,
2022-03-15,24,world,,,150,SA,,,,,,,,,,,,,9,,,,,,,,,,,,,,7,,,,,,,,,,,,,,,,,,,10,5,,,,,,,,,,,,,,,,,,,,,,,,,,,
2022-03-15,25,world,,,150,rTT,,,,,,,,,,,,,6,,,,,,8,,,,,,,,7,,,,,,,,,,,,,,,,,,,5,11,,,,,,,,,,,,,,,,,,,,,,,,,,,
2022-03-15,26,world,,,150,SSC,,,,,,,,,,,,,4,,,,,,9,,,,,,,,12,,,,,,,,,,,,,,,2,,11,,1,7,,,,,,,,,,,,,,,,,,,,,,,,,,,
2022-03-15,27,world,,,150,dHC,,,,,,,,,,,,,8,,,,,,11,,,,,,,,6,,,,,,,,,,,,,,,1,,9,,4,12,,,,,,,,,,,,,,,,,,,,,,,,,,,
2022-03-15,28,world,,,150,dWW,,,,,,,,1,,,,,8,,,,,,,,,,,,,,12,,,,,,,6,,,,,,,,9,,4,,3,,,7,,,,,,,,,,,,,,,,,,,,,,,,,
2022-03-15,29,world,,,150,rYV,,,,,,,,10,,,,,4,,,,,,,,,,,,,,12,,,,,,,5,,,,,,,,8,,11,,6,,7,9,,,,,,,,,,,,,,,,,,,,,,,,,
2022-03-15,30,world,,,150,dYC,,,,,,,,8,,,,,4,,,,,,,,,,,,,,10,,,,,,,9,,,,,,,,11,,5,,3,,12,7,,,,,,,,,,,,,,,,,,,,,,,,,
2022-03-15,31,world,,,150,rMMM,,,,,,,,12,,,,,9,,,,,,,,4,,,,,,7,,,10,,,,8,,,,,,,,1,,5,,3,,6,11,,,,,,,,,,,,,,,,,,,,,,,,,
2022-03-15,32,world,,,150,MC,,,,,,,,e,,,,,e,,,,,,,,e,,,,,,e,,,e,,,,e,,,,,,,,e,,e,,e,,e,e,,,,,,,,,,,,,,,,,,,,,,,,,
2022-03-15,33,world,,,150,rMMM,,,,,,,,,,,,,1,,,,,,,,,,,,,,,,,,,,,,,,,,,,,,,,,,6,7,,,,,,,,,,,,,,,,,,,,,,,,,,
2022-03-15,34,world,,,150m,rYV,,,,,,,,5,,,,,3,,,,,,,,,,,,,,12,,,,,,,,,,,,,,,2,11,10,,4,9,,,,,,,,,,,,,,,,,,,,,,,,,,,
2022-03-15,35,world,,,150,dWW,,,,,,,,8,,,,,6,,,,,,,,,,,,,,5,,,,,,,,,,,,,,,7,12,11,,2,1,,,,,,,,,,,,,,,,,,,,,,,,,,,
2022-03-15,36,world,,,150,dNBC,,,,,,,,4,,,,,5,,,,,,,,,,,,,,9,,,,,,,,,,,,,,,3,8,12,,1,7,,,,,,,,,,,,,,,,,,,,,,,,,,,
2022-03-15,37,world,,,150,dIIO,,,,,,,,9,,,,,6,,,,,,,,,,,,,,11,,,,,,,,,,,,,,,2,10,12,,7,5,,,,,,,,,,,,,,,,,,,,,,,,,,,
2022-03-15,38,world,,,150,rWS,,,,,,,,8,,,,,2,,,,,,,,,,,,,,12,,,,,,,,,,,,,,,6,11,7,,4,1,,,,,,,,,,,,,,,,,,,,,,,,,,,
2022-03-15,39,world,,,150,MW,,,,,,,,9,,,,,6,,,,,,,,,,,,,,12,,,,,,,,,,,,,,,3,11,7,,1,5,,,,,,,,,,,,,,,,,,,,,,,,,,,
2022-03-15,40,world,,,150m,dAC,,,,,,,,2,,,,,6,,,,,,,,,,,,,,10,,,,,,,,,,,,,,,1,12,11,,7,3,,,,,,,,,,,,,,,,,,,,,,,,,,,
2022-03-15,41,world,,,150,WP,,,,,,,,5,,,,,7,,,,,,,,,,,,,,4,,,,,,,,,,,,,,,2,12,9,,3,8,,,,,,,,,,,,,,,,,,,,,,,,,,,
2022-03-15,42,world,,,150,dWW,,,,,,,,3,,,,,6,,,,,,,,,,,,,,12,,,,,,,,,,,,,,,8,11,9,,5,4,,,,,,,,,,,,,,,,,,,,,,,,,,,
2022-03-15,43,world,,,150,TH,,,,,,,,2,,,,,10,,,,,,,,,,,,,,7,,,,,,,,,,,,,,,8,11,12,,6,4,,,,,,,,,,,,,,,,,,,,,,,,,,,
2022-03-15,44,world,,,150m,SSC,,,,,,,,8,,,,,7,,6,,,,,,,,,,,,11,,,,,,,,,,,,,,,3,12,10,,2,5,,,,,,,,,,,,,,,,,,,,,,,,,,,
2022-03-15,45,world,,,150,Ed,,,,,,,,10,,,,,9,,6,,,,,,,,,,,,4,,,,,,,,,,,,,,,7,11,12,,5,2,,,,,,,,,,,,,,,,,,,,,,,,,,,
2022-03-15,46,world,,,150,dYC,,,,,,,,11,,,,,9,,7,,,,,,,,,,,,8,,,,,,,,,,,,,,,2,12,5,,4,6,,,,,,,,,,,,,,,,,,,,,,,,,,,
2022-03-15,47,world,,,150m,CC,,,,,,,,3,,,,,4,,5,,,,,,,,,,,,8,,,,,,,,,,,,,,,2,12,10,,1,7,,,,,,,,,,,,,,,,,,,,,,,,,,,
2022-03-15,48,world,,,150,rRRy,,,,,3,,,7,,,,,6,,8,,,,,,,,,,,,11,,,4,,,,,,,,,,,,2,9,12,,1,5,10,,,,,,,,,,,,,,,,,,,,,,,,,,
2022-03-15,49,world,,,200,rYV,,,,,1,,,9,,,,,12,,7,,10,,,,,,,,,,6,,,4,,,,,,,,,,,,11,8,5,3,2,,,,,,,,,,,,,,,,,,,,,,,,,,,,
2022-03-15,50,world,,,150,rMMM,,,,,1,,,4,,,,,9,,5,,7,,,,,,,,,,6,,,12,,,,,,,,,,,,2,10,8,3,11,,,,,,,,,,,,,,,,,,,,,,,,,,,,
2022-03-15,51,world,,,150,dBP,,,,,e,,,e,,,,,e,,e,,e,,,,,,,,,,e,,,,,,,,,,,,,,,e,e,e,e,,,,,,,,,,,,,,,,,,,,,,,,,,,,,
2022-03-15,52,world,,,150,MKS,,,,,,,,,,,,,4,,,,,,,,,,,,,,,,,,,,,,,,,,,,,,,,,,,,,,,,,,,,,,,,,,,,,,,,,,,,,
2022-03-15,53,world,,,150,dHC,,,,,,,,,,,,,5,,,,,,,,,,,,,,10,,,,,,,,,,,,,,,,,,,,,,,,,,,,,,,,,,,,,,,,,,,,,,,
2022-03-15,54,world,,,150,MW,,,,,,,,,,,,,2,,,,,,,,,,,,,,12,,,,,,,,,,,,,,6,,,,,,,,,,,,,,,,,,,,,,,,,,,,,,,,,
2022-03-15,55,world,,,150,dRiR,,,,,,,,,,,,,3,,,,,,,,,,,,,,11,,,,,,,,,,,,,,6,,,,,,,,,,,,,,,,,,,,,,,,,,,,,,,,,
2022-03-15,56,world,,,150,TH,,,,,,,,,,,,,1,,,,,,,,,,,,,,7,,,,,,,10,,,,,,,11,,,,,,,,,,,,,,,,,,,,,,,,,,,,,,,,,
2022-03-18,1,friend,Clint,no,150,wTC,,,,,,,,,,,,,10,,,,7,,,8,4,,,,9,,2,,,6,1,,,,11,,,3,5,12,,,,,,,,,,,,,,,,,,,,,,,,,,,,,,,,,,
2022-03-18,2,friend,Clint,no,150,wPP,,,,,,,,,,,,,8,,,,6,,,12,4,,,,10,,9,,,7,1,,,,2,,,11,5,3,,,,,,,,,,,,,,,,,,,,,,,,,,,,,,,,,,
2022-03-18,3,friend,Clint,no,150,wChM,,,,,,,,,,,,,3,,,,9,,,11,7,,,,6,,2,,,10,1,,,,4,,,8,5,12,,,,,,,,,,,,,,,,,,,,,,,,,,,,,,,,,,
2022-03-18,4,friend,Clint,no,150,wCoM,,,,,,,,,,,,,3,,,,8,,,9,1,,,,5,,7,,,10,2,,,,11,,,4,6,12,,,,,,,,,,,,,,,,,,,,,,,,,,,,,,,,,,
2022-03-18,5,friend,Clint,no,150,wTB,,,,,,,,,,,,,3,,,,5,,,9,1,,,,8,,11,,,4,6,,,,2,,,7,10,12,,,,,,,,,,,,,,,,,,,,,,,,,,,,,,,,,,
2022-03-18,6,friend,Clint,no,150,wSR,,,,,,,,,,,,,1,,,,3,,,11,6,,,,12,,7,,,9,2,,,,8,,,5,4,10,,,,,,,,,,,,,,,,,,,,,,,,,,,,,,,,,,
2022-03-18,7,friend,Clint,no,150,wSG,,,,,,,,,,,,,1,,,,6,,,9,2,,,,12,,3,,,4,5,,,,7,,,10,8,11,,,,,,,,,,,,,,,,,,,,,,,,,,,,,,,,,,
2022-03-18,8,friend,Clint,no,150,wNH,,,,,,,,,,,,,7,,,,8,,,10,1,,,,5,,2,,,11,4,,,,9,,,3,6,12,,,,,,,,,,,,,,,,,,,,,,,,,,,,,,,,,,
2022-03-18,9,friend,Clint,no,200,wTB,11,,,,,10,,,,,,,2,,,,,,,6,4,,,,7,,,9,,3,1,,,5,8,12,,,,,,,,,,,,,,,,,,,,,,,,,,,,,,,,,,,,,,
2022-03-18,10,friend,Clint,no,200,wChM,2,,,,,10,,,,,,,4,,,,,,,3,6,,,,9,,,8,,1,7,,,12,5,11,,,,,,,,,,,,,,,,,,,,,,,,,,,,,,,,,,,,,,
2022-03-18,11,friend,Clint,no,200,wSR,12,,,,,4,,,,,,,3,,,,,,,5,2,,,,11,,,9,,8,1,,,6,10,7,,,,,,,,,,,,,,,,,,,,,,,,,,,,,,,,,,,,,,
2022-03-18,12,friend,Clint,no,200,wCoM,12,,,,,3,,,,,,,5,,,,,,,7,1,,,,6,,,10,,4,2,,,8,9,11,,,,,,,,,,,,,,,,,,,,,,,,,,,,,,,,,,,,,,
2022-03-18,13,friend,Clint,no,200,wTC,11,,,,,7,,,,,,,1,,,,,,,12,5,,,,9,,,4,,6,3,,,10,2,8,,,,,,,,,,,,,,,,,,,,,,,,,,,,,,,,,,,,,,
2022-03-18,14,friend,Clint,no,200,wTC,10,,,,,5,,,,,,,6,,,,,,,11,,,,,2,,,8,,9,1,,,4,3,7,,,,,,,,,,,,,,,,,,,,,,,,,,,,,,,,,,,,,,
2022-03-18,15,friend,Clint,no,200,wNH,10,,,,,9,,,,,,,2,,,,,,,7,,,,,4,,,6,,3,1,,,5,8,12,11,,,,,,,,,,,,,,,,,,,,,,,,,,,,,,,,,,,,,
2022-03-18,16,friend,Clint,no,200,wPP,10,,,,,9,,,,,,,6,,,,,,,12,,,,,3,,,2,,11,1,,,5,4,8,7,,,,,,,,,,,,,,,,,,,,,,,,,,,,,,,,,,,,,
2022-03-18,17,friend,Clint,no,150m,wNH,12,,,,,,,,,,,,4,,,,,,,,5,,10,,3,,,1,7,2,6,11,8,,,,,,,,,,,,,,,,,,,,,,,,,,,,,,,,,,,,,,,,,
2022-03-18,18,friend,Clint,no,150m,DS,12,,,,,,,,,,,,6,,,,9,,,,4,,10,,8,,,3,5,1,2,7,11,,,,,,,,,,,,,,,,,,,,,,,,,,,,,,,,,,,,,,,,,
2022-03-18,19,friend,Clint,no,150m,wChM,2,,,,,,,,,,,,6,,,,7,,,,3,,8,,5,,,4,9,10,1,12,11,,,,,,,,,,,,,,,,,,,,,,,,,,,,,,,,,,,,,,,,,
2022-03-18,20,friend,Clint,no,150m,wCoM,,,,,,,,,,,,,2,,,,5,,,,1,,3,,6,,,8,10,7,4,11,9,12,,,,,,,,,,,,,,,,,,,,,,,,,,,,,,,,,,,,,,,,
2022-03-18,21,friend,Clint,no,150m,wSG,,,,,,,,,,,,,10,,,,9,,,,1,,8,,12,,,2,5,4,6,3,11,7,,,,,,,,,,,,,,,,,,,,,,,,,,,,,,,,,,,,,,,,
2022-03-18,22,friend,Clint,no,150m,SA,,,,,,,,,,,,,8,,,,5,,,,2,,6,,3,,,10,4,11,1,9,12,7,,,,,,,,,,,,,,,,,,,,,,,,,,,,,,,,,,,,,,,,
2022-03-18,23,friend,Clint,no,150m,wTB,,,,,,,,,,,,,11,,,,5,,,,2,,8,,9,,,7,6,4,1,3,12,10,,,,,,,,,,,,,,,,,,,,,,,,,,,,,,,,,,,,,,,,
2022-03-18,24,friend,Clint,no,150m,rDKJ,,,,,,,,,,,,,3,,,,4,,,,2,,10,,9,,,1,11,7,8,5,12,6,,,,,,,,,,,,,,,,,,,,,,,,,,,,,,,,,,,,,,,,
2022-03-18,25,friend,Clint,yes,200,wNH,,,,,,,,,,,,,11,12,,,9,,3,7,,,,1,8,10,2,4,6,5,,,,,,,,,,,,,,,,,,,,,,,,,,,,,,,,,,,,,,,,,,,,
2022-03-18,26,friend,Clint,yes,200,dCL,,,,,,,,,,,,,8,12,,,11,,3,5,,,,1,6,9,4,10,2,7,,,,,,,,,,,,,,,,,,,,,,,,,,,,,,,,,,,,,,,,,,,,
2022-03-18,27,friend,Clint,yes,200,wTC,,,,,,,,,,,,,2,5,,,7,,11,12,,,,1,8,10,6,4,9,3,,,,,,,,,,,,,,,,,,,,,,,,,,,,,,,,,,,,,,,,,,,,
2022-03-18,28,friend,Clint,yes,200,wChM,,,,,,,,,,,,,1,9,,,8,,2,10,,,,6,3,11,4,7,12,5,,,,,,,,,,,,,,,,,,,,,,,,,,,,,,,,,,,,,,,,,,,,
2022-03-18,29,friend,Clint,yes,200,wCoM,,,,,,,,,,,,,10,3,,,9,,5,7,,,,1,6,11,2,4,12,8,,,,,,,,,,,,,,,,,,,,,,,,,,,,,,,,,,,,,,,,,,,,
2022-03-18,30,friend,Clint,yes,200,wSG,,,,,,,,,,,,,1,12,,,4,,5,10,,,,2,9,7,6,11,8,3,,,,,,,,,,,,,,,,,,,,,,,,,,,,,,,,,,,,,,,,,,,,
2022-03-18,31,friend,Clint,yes,200,wSR,,,,,,,,,,,,,3,11,,,4,,1,5,,,,2,8,10,7,9,12,6,,,,,,,,,,,,,,,,,,,,,,,,,,,,,,,,,,,,,,,,,,,,
2022-03-18,32,friend,Clint,yes,200,wTB,,,,,,,,,,,,,1,4,,,10,,6,12,,,,2,9,8,5,7,11,3,,,,,,,,,,,,,,,,,,,,,,,,,,,,,,,,,,,,,,,,,,,,
2022-03-18,33,friend,Clint,yes,150,wCoM,,,,,9,,,,,,,,2,12,8,5,6,3,7,11,1,10,4,,,,,,,,,,,,,,,,,,,,,,,,,,,,,,,,,,,,,,,,,,,,,,,,,,,
2022-03-18,34,friend,Clint,yes,150,wSG,,,,,1,,,,,,,,10,7,11,4,6,5,2,9,8,3,12,,,,,,,,,,,,,,,,,,,,,,,,,,,,,,,,,,,,,,,,,,,,,,,,,,,
2022-03-18,35,friend,Clint,yes,150,wTC,,,,,1,,,,,,,,3,12,6,8,5,11,7,4,2,10,9,,,,,,,,,,,,,,,,,,,,,,,,,,,,,,,,,,,,,,,,,,,,,,,,,,,
2022-03-18,36,friend,Clint,yes,150,wNH,,,,,10,,,,,,,,2,11,7,9,8,4,1,6,3,12,5,,,,,,,,,,,,,,,,,,,,,,,,,,,,,,,,,,,,,,,,,,,,,,,,,,,
2022-03-18,37,friend,Clint,yes,150,wChM,,,,,8,,,,,,,,9,12,4,11,10,1,3,6,2,5,7,,,,,,,,,,,,,,,,,,,,,,,,,,,,,,,,,,,,,,,,,,,,,,,,,,,
2022-03-18,38,friend,Clint,yes,150,wSR,,,,,11,,,,,,,,4,12,6,9,5,2,1,10,3,7,8,,,,,,,,,,,,,,,,,,,,,,,,,,,,,,,,,,,,,,,,,,,,,,,,,,,
2022-03-18,39,friend,Clint,yes,150,rYV,,,,,2,,,,,,,,12,3,10,5,8,4,6,9,1,11,7,,,,,,,,,,,,,,,,,,,,,,,,,,,,,,,,,,,,,,,,,,,,,,,,,,,
2022-03-18,40,friend,Clint,yes,150,rPPS,,,,,4,,,,,,,,6,11,8,1,5,9,2,7,3,12,10,,,,,,,,,,,,,,,,,,,,,,,,,,,,,,,,,,,,,,,,,,,,,,,,,,,
2022-03-18,1,friend,swushwoi,yes,150,wTC,6,1,3,4,,,,,,,2,5,,,,,,,,,,,,,,,,,,,,,,,,,,,,,,,,,,,,,,,,,,,,,,,,,,,,,,,,,,,,,,
2022-03-18,2,friend,swushwoi,yes,150,wPP,6,1,4,5,,,,,,,3,2,,,,,,,,,,,,,,,,,,,,,,,,,,,,,,,,,,,,,,,,,,,,,,,,,,,,,,,,,,,,,,
2022-03-18,3,friend,swushwoi,yes,150,wCoM,5,1,3,6,,,,,,,2,4,,,,,,,,,,,,,,,,,,,,,,,,,,,,,,,,,,,,,,,,,,,,,,,,,,,,,,,,,,,,,,
2022-03-18,4,friend,swushwoi,yes,150,wChM,5,1,3,6,,,,,,,2,4,,,,,,,,,,,,,,,,,,,,,,,,,,,,,,,,,,,,,,,,,,,,,,,,,,,,,,,,,,,,,,
2022-03-18,5,friend,swushwoi,yes,150,wNH,6,1,5,3,,,,,,,2,4,,,,,,,,,,,,,,,,,,,,,,,,,,,,,,,,,,,,,,,,,,,,,,,,,,,,,,,,,,,,,,
2022-03-18,6,friend,swushwoi,yes,150,wTB,6,1,4,2,,,,,,,3,5,,,,,,,,,,,,,,,,,,,,,,,,,,,,,,,,,,,,,,,,,,,,,,,,,,,,,,,,,,,,,,
2022-03-18,7,friend,swushwoi,yes,150,wSR,6,1,4,5,,,,,,,2,3,,,,,,,,,,,,,,,,,,,,,,,,,,,,,,,,,,,,,,,,,,,,,,,,,,,,,,,,,,,,,,
2022-03-18,8,friend,swushwoi,yes,150,wSG,5,1,2,3,,,,,,,4,6,,,,,,,,,,,,,,,,,,,,,,,,,,,,,,,,,,,,,,,,,,,,,,,,,,,,,,,,,,,,,,
2022-03-18,9,friend,swushwoi,yes,150,wCoM,2,1,7,4,3,,,,,6,5,8,,,,,,,,,,,,,,,,,,,,,,,,,,,,,,,,,,,,,,,,,,,,,,,,,,,,,,,,,,,,,,
2022-03-18,10,friend,swushwoi,yes,150,wSR,e,e,e,e,e,,,,,e,e,e,,,,,,,,,,,,,,,,,,,,,,,,,,,,,,,,,,,,,,,,,,,,,,,,,,,,,,,,,,,,,,
2022-03-18,11,friend,swushwoi,yes,150,wPP,6,2,7,5,1,,,,,3,4,,,,,,,,,,,,,,,,,,,,,,,,,,,,,,,,,,,,,,,,,,,,,,,,,,,,,,,,,,,,,,,
2022-03-18,12,friend,swushwoi,yes,150,wTB,7,2,3,5,1,,,,,4,6,,,,,,,,,,,,,,,,,,,,,,,,,,,,,,,,,,,,,,,,,,,,,,,,,,,,,,,,,,,,,,,
2022-03-18,13,friend,swushwoi,yes,150,wChM,3,1,2,6,4,,,,,5,7,,,,,,,,,,,,,,,,,,,,,,,,,,,,,,,,,,,,,,,,,,,,,,,,,,,,,,,,,,,,,,,
2022-03-18,14,friend,swushwoi,yes,150,wSR,7,2,5,4,3,,,,,6,1,,,,,,,,,,,,,,,,,,,,,,,,,,,,,,,,,,,,,,,,,,,,,,,,,,,,,,,,,,,,,,,
2022-03-18,15,friend,swushwoi,yes,150,wNH,7,2,3,5,1,,,,,4,6,,,,,,,,,,,,,,,,,,,,,,,,,,,,,,,,,,,,,,,,,,,,,,,,,,,,,,,,,,,,,,,
2022-03-18,16,friend,swushwoi,yes,150,wChM,7,1,3,6,4,,,,,5,2,,,,,,,,,,,,,,,,,,,,,,,,,,,,,,,,,,,,,,,,,,,,,,,,,,,,,,,,,,,,,,,
2022-03-18,17,friend,swushwoi,yes,150,wCoM,6,1,4,7,2,,,,,3,5,,,,,,,,,,,,,,,,,,,,,,,,,,,,,,,,,,,,,,,,,,,,,,,,,,,,,,,,,,,,,,,
2022-03-18,18,friend,swushwoi,yes,150,MW,7,1,6,4,2,,,,,5,3,,,,,,,,,,,,,,,,,,,,,,,,,,,,,,,,,,,,,,,,,,,,,,,,,,,,,,,,,,,,,,,
2022-03-18,19,friend,swushwoi,no,150,dYC,10,1,8,9,6,4,5,7,,3,2,,,,,,,,,,,,,,,,,,,,,,,,,,,,,,,,,,,,,,,,,,,,,,,,,,,,,,,,,,,,,,,
2022-03-18,20,friend,swushwoi,no,150,MW,8,1,6,4,2,3,5,7,,10,9,,,,,,,,,,,,,,,,,,,,,,,,,,,,,,,,,,,,,,,,,,,,,,,,,,,,,,,,,,,,,,,
2022-03-18,21,friend,swushwoi,no,150,dMC,10,1,7,3,9,4,2,8,,5,6,,,,,,,,,,,,,,,,,,,,,,,,,,,,,,,,,,,,,,,,,,,,,,,,,,,,,,,,,,,,,,,
2022-03-18,22,friend,swushwoi,no,150,dWGM,7,5,2,8,1,10,3,6,,4,9,,,,,,,,,,,,,,,,,,,,,,,,,,,,,,,,,,,,,,,,,,,,,,,,,,,,,,,,,,,,,,,
2022-03-18,23,friend,swushwoi,no,150,dRR,10,1,7,8,6,5,2,3,,9,4,,,,,,,,,,,,,,,,,,,,,,,,,,,,,,,,,,,,,,,,,,,,,,,,,,,,,,,,,,,,,,,
2022-03-18,24,friend,swushwoi,no,150,wCoM,8,1,7,4,9,5,3,6,,10,2,,,,,,,,,,,,,,,,,,,,,,,,,,,,,,,,,,,,,,,,,,,,,,,,,,,,,,,,,,,,,,,
2022-03-18,25,friend,swushwoi,no,150,wNH,7,1,9,8,2,5,3,4,,10,6,,,,,,,,,,,,,,,,,,,,,,,,,,,,,,,,,,,,,,,,,,,,,,,,,,,,,,,,,,,,,,,
2022-03-18,26,friend,swushwoi,no,150,TR,6,1,7,9,2,10,5,4,,8,3,,,,,,,,,,,,,,,,,,,,,,,,,,,,,,,,,,,,,,,,,,,,,,,,,,,,,,,,,,,,,,,
2022-03-18,27,friend,swushwoi,no,200,wTC,9,1,6,5,2,4,8,7,,3,,,,,,,,,,,,,,,,,,,,,,,,,,,,,,,,,,,,,,,,,,,,,,,,,,,,,,,,,,,,,,,,
2022-03-18,28,friend,swushwoi,no,200,rPPS,8,1,3,7,6,9,2,4,,5,,,,,,,,,,,,,,,,,,,,,,,,,,,,,,,,,,,,,,,,,,,,,,,,,,,,,,,,,,,,,,,,
2022-03-18,29,friend,swushwoi,no,200,wCoM,3,1,10,7,2,5,4,6,8,9,,,,,,,,,,,,,,,,,,,,,,,,,,,,,,,,,,,,,,,,,,,,,,,,,,,,,,,,,,,,,,,,
2022-03-18,30,friend,swushwoi,no,200,dYC,6,1,2,8,9,7,3,10,5,4,,,,,,,,,,,,,,,,,,,,,,,,,,,,,,,,,,,,,,,,,,,,,,,,,,,,,,,,,,,,,,,,
2022-03-18,31,friend,swushwoi,no,200,rTT,10,1,2,9,3,8,7,5,6,4,,,,,,,,,,,,,,,,,,,,,,,,,,,,,,,,,,,,,,,,,,,,,,,,,,,,,,,,,,,,,,,,
2022-03-18,32,friend,swushwoi,no,200,MKS,2,1,10,5,3,4,7,9,6,8,,,,,,,,,,,,,,,,,,,,,,,,,,,,,,,,,,,,,,,,,,,,,,,,,,,,,,,,,,,,,,,,
2022-03-18,33,friend,swushwoi,no,200,Ed,10,1,3,9,5,4,2,7,6,8,,,,,,,,,,,,,,,,,,,,,,,,,,,,,,,,,,,,,,,,,,,,,,,,,,,,,,,,,,,,,,,,
2022-03-18,34,friend,swushwoi,no,200,SSC,9,1,2,6,3,8,5,4,7,10,,,,,,,,,,,,,,,,,,,,,,,,,,,,,,,,,,,,,,,,,,,,,,,,,,,,,,,,,,,,,,,,
2022-03-18,35,friend,swushwoi,no,200,wNH,9,1,7,5,2,4,3,6,8,,,,,,,,,,,,,,,,,,,,,,,,,,,,,,,,,,,,,,,,,,,,,,,,,,,,,,,,,,,,,,,,,
2022-03-18,36,friend,swushwoi,no,200,wSG,9,1,6,3,5,7,2,8,4,,,,,,,,,,,,,,,,,,,,,,,,,,,,,,,,,,,,,,,,,,,,,,,,,,,,,,,,,,,,,,,,,
2022-03-18,37,friend,swushwoi,no,200,dBP,9,1,4,6,2,3,7,5,8,,,,,,,,,,,,,,,,,,,,,,,,,,,,,,,,,,,,,,,,,,,,,,,,,,,,,,,,,,,,,,,,,
2022-03-18,38,friend,swushwoi,no,200,wTB,9,1,4,6,3,2,5,7,8,,,,,,,,,,,,,,,,,,,,,,,,,,,,,,,,,,,,,,,,,,,,,,,,,,,,,,,,,,,,,,,,,
2022-03-18,39,friend,swushwoi,no,200,dBB,7,1,2,6,9,5,4,3,8,,,,,,,,,,,,,,,,,,,,,,,,,,,,,,,,,,,,,,,,,,,,,,,,,,,,,,,,,,,,,,,,,
2022-03-18,40,friend,swushwoi,no,200,dBP,8,2,6,4,1,7,5,9,3,,,,,,,,,,,,,,,,,,,,,,,,,,,,,,,,,,,,,,,,,,,,,,,,,,,,,,,,,,,,,,,,,
2022-03-18,41,friend,swushwoi,no,200,wSR,9,1,7,8,3,5,2,4,6,,,,,,,,,,,,,,,,,,,,,,,,,,,,,,,,,,,,,,,,,,,,,,,,,,,,,,,,,,,,,,,,,
2022-03-18,42,friend,swushwoi,no,200,wPP,4,1,6,8,3,7,2,5,9,,,,,,,,,,,,,,,,,,,,,,,,,,,,,,,,,,,,,,,,,,,,,,,,,,,,,,,,,,,,,,,,,