ID,Track,Time,Version,Items,Speed,Category
22/08/24 (01:001),Start,0.0,150cc,Cartridge,Turnip Cup,DLC Cups
22/08/29 (01:002),Start,0.0,150cc,Cartridge,Turnip Cup,DLC Cups
22/08/24 (02:001),Start,0.0,150cc,Cartridge,Golden Dash Cup,DLC Cups
22/08/24 (02:002),Start,0.0,150cc,Cartridge,Golden Dash Cup,DLC Cups
(02:000),Start,0.0,150cc,Cartridge,Golden Dash Cup,DLC Cups
22/04/25 (03:001),Start,0.0,150cc,Cartridge,Flower Cup,Nitro Cups
22/04/25 (03:002),Start,0.0,150cc,Cartridge,Flower Cup,Nitro Cups
22/08/22 (03:003),Start,0.0,150cc,Cartridge,Flower Cup,Nitro Cups
22/08/29 (03:004),Start,0.0,150cc,Cartridge,Flower Cup,Nitro Cups
22/08/29 (03:005),Start,0.0,150cc,Cartridge,Flower Cup,Nitro Cups
(03:000),Start,0.0,150cc,Cartridge,Flower Cup,Nitro Cups
22/04/15 (04:001),Start,0.0,150cc,Cartridge,Star Cup,Nitro Cups
22/04/15 (04:002),Start,0.0,150cc,Cartridge,Star Cup,Nitro Cups
22/08/22 (04:003),Start,0.0,150cc,Cartridge,Star Cup,Nitro Cups
22/08/23 (04:005),Start,0.0,150cc,Cartridge,Star Cup,Nitro Cups
22/08/29 (04:006),Start,0.0,150cc,Cartridge,Star Cup,Nitro Cups
22/08/29 (04:007),Start,0.0,150cc,Cartridge,Star Cup,Nitro Cups
(04:000),Start,0.0,150cc,Cartridge,Star Cup,Nitro Cups
22/04/13 (05:001),Start,0.0,150cc,Cartridge,Bell Cup,Bonus Cups
22/04/13 (05:002),Start,0.0,150cc,Cartridge,Bell Cup,Bonus Cups
22/04/13 (05:003),Start,0.0,150cc,Cartridge,Bell Cup,Bonus Cups
22/04/23 (05:004),Start,0.0,150cc,Cartridge,Bell Cup,Bonus Cups
22/04/23 (05:005),Start,0.0,150cc,Cartridge,Bell Cup,Bonus Cups
22/04/23 (05:006),Start,0.0,150cc,Cartridge,Bell Cup,Bonus Cups
22/05/28 (05:007),Start,0.0,150cc,Cartridge,Bell Cup,Bonus Cups
22/08/24 (05:008),Start,0.0,150cc,Cartridge,Bell Cup,Bonus Cups
22/08/24 (05:009),Start,0.0,150cc,Cartridge,Bell Cup,Bonus Cups
22/08/24 (05:010),Start,0.0,150cc,Cartridge,Bell Cup,Bonus Cups
22/08/24 (05:011),Start,0.0,150cc,Cartridge,Bell Cup,Bonus Cups
(05:000),Start,0.0,150cc,Cartridge,Bell Cup,Bonus Cups
22/04/25 (06:001),Start,0.0,150cc,Cartridge,Special Cup,Nitro Cups
22/08/22 (06:004),Start,0.0,150cc,Cartridge,Special Cup,Nitro Cups
22/08/28 (06:005),Start,0.0,150cc,Cartridge,Special Cup,Nitro Cups
22/08/28 (06:007),Start,0.0,150cc,Cartridge,Special Cup,Nitro Cups
22/08/29 (06:008),Start,0.0,150cc,Cartridge,Special Cup,Nitro Cups
22/08/29 (06:009),Start,0.0,150cc,Cartridge,Special Cup,Nitro Cups
(06:000),Start,0.0,150cc,Cartridge,Special Cup,Nitro Cups
22/04/13 (07:001),Start,0.0,150cc,Cartridge,Leaf Cup,Retro Cups
22/04/13 (07:002),Start,0.0,150cc,Cartridge,Leaf Cup,Retro Cups
22/04/13 (07:003),Start,0.0,150cc,Cartridge,Leaf Cup,Retro Cups
22/07/25 (07:004),Start,0.0,150cc,Cartridge,Leaf Cup,Retro Cups
22/08/20 (07:005),Start,0.0,150cc,Cartridge,Leaf Cup,Retro Cups
22/08/20 (07:006),Start,0.0,150cc,Cartridge,Leaf Cup,Retro Cups
22/08/20 (07:007),Start,0.0,150cc,Cartridge,Leaf Cup,Retro Cups
22/08/22 (07:008),Start,0.0,150cc,Cartridge,Leaf Cup,Retro Cups
22/04/25 (08:001),Start,0.0,150cc,Cartridge,Mushroom Cup,Nitro Cups
22/08/22 (08:002),Start,0.0,150cc,Cartridge,Mushroom Cup,Nitro Cups
22/08/23 (08:003),Start,0.0,150cc,Cartridge,Mushroom Cup,Nitro Cups
22/08/23 (08:005),Start,0.0,150cc,Cartridge,Mushroom Cup,Nitro Cups
22/08/29 (08:006),Start,0.0,150cc,Cartridge,Mushroom Cup,Nitro Cups
22/08/24 (09:001),Start,0.0,150cc,Cartridge,Lucky Cat Cup,DLC Cups
22/08/29 (09:002),Start,0.0,150cc,Cartridge,Lucky Cat Cup,DLC Cups
22/08/29 (09:003),Start,0.0,150cc,Cartridge,Lucky Cat Cup,DLC Cups
(09:000),Start,0.0,150cc,Cartridge,Lucky Cat Cup,DLC Cups
22/02/20 (10:001),Start,0.0,No Items,Cartridge,150cc,48 Tracks
22/02/23 (10:002),Start,0.0,No Items,Cartridge,150cc,48 Tracks
22/02/25 (10:003),Start,0.0,No Items,Cartridge,150cc,48 Tracks
22/02/27 (10:004),Start,0.0,No Items,Cartridge,150cc,48 Tracks
22/03/07 (10:005),Start,0.0,No Items,Cartridge,150cc,48 Tracks
22/03/13 (10:006),Start,0.0,No Items,Cartridge,150cc,48 Tracks
22/03/15 (10:007),Start,0.0,No Items,Cartridge,150cc,48 Tracks
22/04/05 (10:008),Start,0.0,No Items,Cartridge,150cc,48 Tracks
22/04/19 (10:009),Start,0.0,No Items,Cartridge,150cc,48 Tracks
22/04/19 (10:010),Start,0.0,No Items,Cartridge,150cc,48 Tracks
22/04/23 (10:011),Start,0.0,No Items,Cartridge,150cc,48 Tracks
22/06/06 (10:012),Start,0.0,No Items,Cartridge,150cc,48 Tracks
22/06/06 (10:013),Start,0.0,No Items,Cartridge,150cc,48 Tracks
22/06/06 (10:015),Start,0.0,No Items,Cartridge,150cc,48 Tracks
22/07/04 (10:016),Start,0.0,No Items,Cartridge,150cc,48 Tracks
22/07/04 (10:018),Start,0.0,No Items,Cartridge,150cc,48 Tracks
22/07/04 (10:019),Start,0.0,No Items,Cartridge,150cc,48 Tracks
(10:000),Start,0.0,No Items,Cartridge,150cc,48 Tracks
22/04/20 (11:001),Start,0.0,150cc,Cartridge,Crossing Cup,Bonus Cups
22/04/20 (11:002),Start,0.0,150cc,Cartridge,Crossing Cup,Bonus Cups
22/04/21 (11:003),Start,0.0,150cc,Cartridge,Crossing Cup,Bonus Cups
22/04/21 (11:004),Start,0.0,150cc,Cartridge,Crossing Cup,Bonus Cups
22/08/22 (11:005),Start,0.0,150cc,Cartridge,Crossing Cup,Bonus Cups
22/08/22 (11:006),Start,0.0,150cc,Cartridge,Crossing Cup,Bonus Cups
22/08/23 (11:007),Start,0.0,150cc,Cartridge,Crossing Cup,Bonus Cups
22/08/23 (11:008),Start,0.0,150cc,Cartridge,Crossing Cup,Bonus Cups
22/08/24 (11:009),Start,0.0,150cc,Cartridge,Crossing Cup,Bonus Cups
22/08/24 (11:010),Start,0.0,150cc,Cartridge,Crossing Cup,Bonus Cups
22/08/24 (11:011),Start,0.0,150cc,Cartridge,Crossing Cup,Bonus Cups
(11:000),Start,0.0,150cc,Cartridge,Crossing Cup,Bonus Cups
22/08/24 (12:001),Start,0.0,150cc,Cartridge,Propeller Cup,DLC Cups
22/08/24 (12:002),Start,0.0,150cc,Cartridge,Propeller Cup,DLC Cups
22/08/24 (12:003),Start,0.0,150cc,Cartridge,Propeller Cup,DLC Cups
22/08/24 (12:004),Start,0.0,150cc,Cartridge,Propeller Cup,DLC Cups
22/08/24 (12:005),Start,0.0,150cc,Cartridge,Propeller Cup,DLC Cups
22/04/22 (13:001),Start,0.0,150cc,Cartridge,Shell Cup,Retro Cups
22/04/22 (13:002),Start,0.0,150cc,Cartridge,Shell Cup,Retro Cups
22/04/22 (13:003),Start,0.0,150cc,Cartridge,Shell Cup,Retro Cups
22/04/22 (13:004),Start,0.0,150cc,Cartridge,Shell Cup,Retro Cups
22/04/23 (13:005),Start,0.0,150cc,Cartridge,Shell Cup,Retro Cups
22/04/23 (13:007),Start,0.0,150cc,Cartridge,Shell Cup,Retro Cups
22/08/20 (13:008),Start,0.0,150cc,Cartridge,Shell Cup,Retro Cups
22/08/20 (13:009),Start,0.0,150cc,Cartridge,Shell Cup,Retro Cups
22/08/20 (13:010),Start,0.0,150cc,Cartridge,Shell Cup,Retro Cups
22/08/20 (13:011),Start,0.0,150cc,Cartridge,Shell Cup,Retro Cups
22/08/20 (13:012),Start,0.0,150cc,Cartridge,Shell Cup,Retro Cups
22/08/20 (13:014),Start,0.0,150cc,Cartridge,Shell Cup,Retro Cups
22/08/20 (13:015),Start,0.0,150cc,Cartridge,Shell Cup,Retro Cups
22/08/20 (13:016),Start,0.0,150cc,Cartridge,Shell Cup,Retro Cups
22/08/20 (13:017),Start,0.0,150cc,Cartridge,Shell Cup,Retro Cups
22/08/20 (13:018),Start,0.0,150cc,Cartridge,Shell Cup,Retro Cups
22/08/20 (13:019),Start,0.0,150cc,Cartridge,Shell Cup,Retro Cups
22/08/20 (13:020),Start,0.0,150cc,Cartridge,Shell Cup,Retro Cups
22/08/20 (13:021),Start,0.0,150cc,Cartridge,Shell Cup,Retro Cups
22/08/24 (13:023),Start,0.0,150cc,Cartridge,Shell Cup,Retro Cups
(13:000),Start,0.0,150cc,Cartridge,Shell Cup,Retro Cups
22/04/15 (14:001),Start,0.0,150cc,Cartridge,Egg Cup,Bonus Cups
22/04/15 (14:002),Start,0.0,150cc,Cartridge,Egg Cup,Bonus Cups
22/04/20 (14:003),Start,0.0,150cc,Cartridge,Egg Cup,Bonus Cups
22/04/20 (14:004),Start,0.0,150cc,Cartridge,Egg Cup,Bonus Cups
22/04/20 (14:006),Start,0.0,150cc,Cartridge,Egg Cup,Bonus Cups
22/04/21 (14:009),Start,0.0,150cc,Cartridge,Egg Cup,Bonus Cups
22/04/21 (14:010),Start,0.0,150cc,Cartridge,Egg Cup,Bonus Cups
22/07/25 (14:011),Start,0.0,150cc,Cartridge,Egg Cup,Bonus Cups
22/07/25 (14:012),Start,0.0,150cc,Cartridge,Egg Cup,Bonus Cups
22/07/25 (14:013),Start,0.0,150cc,Cartridge,Egg Cup,Bonus Cups
22/07/25 (14:014),Start,0.0,150cc,Cartridge,Egg Cup,Bonus Cups
22/08/20 (14:017),Start,0.0,150cc,Cartridge,Egg Cup,Bonus Cups
22/08/20 (14:018),Start,0.0,150cc,Cartridge,Egg Cup,Bonus Cups
22/08/20 (14:019),Start,0.0,150cc,Cartridge,Egg Cup,Bonus Cups
(14:000),Start,0.0,150cc,Cartridge,Egg Cup,Bonus Cups
22/04/13 (15:001),Start,0.0,150cc,Cartridge,Triforce Cup,Bonus Cups
22/04/15 (15:002),Start,0.0,150cc,Cartridge,Triforce Cup,Bonus Cups
22/08/22 (15:003),Start,0.0,150cc,Cartridge,Triforce Cup,Bonus Cups
22/08/22 (15:004),Start,0.0,150cc,Cartridge,Triforce Cup,Bonus Cups
22/08/22 (15:006),Start,0.0,150cc,Cartridge,Triforce Cup,Bonus Cups
22/08/22 (15:007),Start,0.0,150cc,Cartridge,Triforce Cup,Bonus Cups
22/08/26 (15:009),Start,0.0,150cc,Cartridge,Triforce Cup,Bonus Cups
22/08/28 (15:010),Start,0.0,150cc,Cartridge,Triforce Cup,Bonus Cups
22/08/28 (15:011),Start,0.0,150cc,Cartridge,Triforce Cup,Bonus Cups
22/08/28 (15:012),Start,0.0,150cc,Cartridge,Triforce Cup,Bonus Cups
(15:000),Start,0.0,150cc,Cartridge,Triforce Cup,Bonus Cups
22/05/28 (16:001),Start,0.0,150cc,Cartridge,Banana Cup,Retro Cups
22/07/24 (16:002),Start,0.0,150cc,Cartridge,Banana Cup,Retro Cups
22/08/20 (16:003),Start,0.0,150cc,Cartridge,Banana Cup,Retro Cups
22/08/20 (16:005),Start,0.0,150cc,Cartridge,Banana Cup,Retro Cups
22/08/20 (16:007),Start,0.0,150cc,Cartridge,Banana Cup,Retro Cups
22/08/20 (16:008),Start,0.0,150cc,Cartridge,Banana Cup,Retro Cups
22/08/20 (16:011),Start,0.0,150cc,Cartridge,Banana Cup,Retro Cups
22/08/20 (16:013),Start,0.0,150cc,Cartridge,Banana Cup,Retro Cups
22/05/28 (17:001),Start,0.0,150cc,Cartridge,Lightning Cup,Retro Cups
22/05/28 (17:002),Start,0.0,150cc,Cartridge,Lightning Cup,Retro Cups
22/05/28 (17:003),Start,0.0,150cc,Cartridge,Lightning Cup,Retro Cups
22/05/28 (17:005),Start,0.0,150cc,Cartridge,Lightning Cup,Retro Cups
22/08/28 (17:006),Start,0.0,150cc,Cartridge,Lightning Cup,Retro Cups
22/08/28 (17:007),Start,0.0,150cc,Cartridge,Lightning Cup,Retro Cups
(17:000),Start,0.0,150cc,Cartridge,Lightning Cup,Retro Cups
22/08/24 (01:001),bNYM,118.282324,150cc,Cartridge,Turnip Cup,DLC Cups
22/08/29 (01:002),bNYM,116.748199,150cc,Cartridge,Turnip Cup,DLC Cups
22/08/24 (01:001),bMC3,128.150125,150cc,Cartridge,Turnip Cup,DLC Cups
22/08/29 (01:002),bMC3,131.130977,150cc,Cartridge,Turnip Cup,DLC Cups
22/08/24 (01:001),bKD,129.917433,150cc,Cartridge,Turnip Cup,DLC Cups
22/08/29 (01:002),bKD,130.456916,150cc,Cartridge,Turnip Cup,DLC Cups
22/08/24 (01:001),bWP,180.484949,150cc,Cartridge,Turnip Cup,DLC Cups
22/08/29 (01:002),bWP,180.426081,150cc,Cartridge,Turnip Cup,DLC Cups
22/08/24 (02:001),bPP,141.356602,150cc,Cartridge,Golden Dash Cup,DLC Cups
22/08/24 (02:002),bPP,141.050109,150cc,Cartridge,Golden Dash Cup,DLC Cups
22/08/24 (02:001),bTC,110.970324,150cc,Cartridge,Golden Dash Cup,DLC Cups
22/08/24 (02:002),bTC,110.491326,150cc,Cartridge,Golden Dash Cup,DLC Cups
22/08/24 (02:001),bChM,147.113088,150cc,Cartridge,Golden Dash Cup,DLC Cups
22/08/24 (02:002),bChM,147.321462,150cc,Cartridge,Golden Dash Cup,DLC Cups
(02:000),bCoM,146.808457,150cc,Cartridge,Golden Dash Cup,DLC Cups
22/08/24 (02:001),bCoM,146.808457,150cc,Cartridge,Golden Dash Cup,DLC Cups
22/08/24 (02:002),bCoM,143.734485,150cc,Cartridge,Golden Dash Cup,DLC Cups
22/04/25 (03:001),MC,142.511014,150cc,Cartridge,Flower Cup,Nitro Cups
22/04/25 (03:002),MC,139.179957,150cc,Cartridge,Flower Cup,Nitro Cups
22/08/22 (03:003),MC,138.714933,150cc,Cartridge,Flower Cup,Nitro Cups
22/08/29 (03:004),MC,137.061728,150cc,Cartridge,Flower Cup,Nitro Cups
22/08/29 (03:005),MC,137.134497,150cc,Cartridge,Flower Cup,Nitro Cups
(03:000),TH,159.253982,150cc,Cartridge,Flower Cup,Nitro Cups
22/04/25 (03:001),TH,163.603085,150cc,Cartridge,Flower Cup,Nitro Cups
22/04/25 (03:002),TH,161.764306,150cc,Cartridge,Flower Cup,Nitro Cups
22/08/22 (03:003),TH,159.253982,150cc,Cartridge,Flower Cup,Nitro Cups
22/08/29 (03:004),TH,161.850591,150cc,Cartridge,Flower Cup,Nitro Cups
22/08/29 (03:005),TH,159.077528,150cc,Cartridge,Flower Cup,Nitro Cups
(03:000),TM,152.588125,150cc,Cartridge,Flower Cup,Nitro Cups
22/04/25 (03:001),TM,154.464062,150cc,Cartridge,Flower Cup,Nitro Cups
22/04/25 (03:002),TM,152.204189,150cc,Cartridge,Flower Cup,Nitro Cups
22/08/22 (03:003),TM,152.588125,150cc,Cartridge,Flower Cup,Nitro Cups
22/08/29 (03:004),TM,152.653937,150cc,Cartridge,Flower Cup,Nitro Cups
22/08/29 (03:005),TM,152.377032,150cc,Cartridge,Flower Cup,Nitro Cups
(03:000),SGF,160.294525,150cc,Cartridge,Flower Cup,Nitro Cups
22/04/25 (03:001),SGF,165.088347,150cc,Cartridge,Flower Cup,Nitro Cups
22/04/25 (03:002),SGF,159.832535,150cc,Cartridge,Flower Cup,Nitro Cups
22/08/22 (03:003),SGF,160.294525,150cc,Cartridge,Flower Cup,Nitro Cups
22/08/29 (03:004),SGF,158.964877,150cc,Cartridge,Flower Cup,Nitro Cups
22/08/29 (03:005),SGF,160.183201,150cc,Cartridge,Flower Cup,Nitro Cups
22/04/15 (04:001),SA,156.305999,150cc,Cartridge,Star Cup,Nitro Cups
22/04/15 (04:002),SA,154.596,150cc,Cartridge,Star Cup,Nitro Cups
22/08/22 (04:003),SA,151.835314,150cc,Cartridge,Star Cup,Nitro Cups
22/08/23 (04:005),SA,152.283245,150cc,Cartridge,Star Cup,Nitro Cups
22/08/29 (04:006),SA,153.76941,150cc,Cartridge,Star Cup,Nitro Cups
22/08/29 (04:007),SA,152.650329,150cc,Cartridge,Star Cup,Nitro Cups
22/04/15 (04:001),DS,153.709999,150cc,Cartridge,Star Cup,Nitro Cups
22/04/15 (04:002),DS,151.293999,150cc,Cartridge,Star Cup,Nitro Cups
22/08/22 (04:003),DS,152.183024,150cc,Cartridge,Star Cup,Nitro Cups
22/08/23 (04:005),DS,151.975236,150cc,Cartridge,Star Cup,Nitro Cups
22/08/29 (04:006),DS,152.136363,150cc,Cartridge,Star Cup,Nitro Cups
22/08/29 (04:007),DS,151.782405,150cc,Cartridge,Star Cup,Nitro Cups
22/04/15 (04:001),Ed,157.316,150cc,Cartridge,Star Cup,Nitro Cups
22/04/15 (04:002),Ed,157.103999,150cc,Cartridge,Star Cup,Nitro Cups
22/08/22 (04:003),Ed,156.490347,150cc,Cartridge,Star Cup,Nitro Cups
22/08/23 (04:005),Ed,156.461495,150cc,Cartridge,Star Cup,Nitro Cups
22/08/29 (04:006),Ed,158.012408,150cc,Cartridge,Star Cup,Nitro Cups
22/08/29 (04:007),Ed,156.491811,150cc,Cartridge,Star Cup,Nitro Cups
(04:000),MW,147.232001,150cc,Cartridge,Star Cup,Nitro Cups
22/04/15 (04:001),MW,145.358,150cc,Cartridge,Star Cup,Nitro Cups
22/04/15 (04:002),MW,147.232,150cc,Cartridge,Star Cup,Nitro Cups
22/08/23 (04:005),MW,141.897043,150cc,Cartridge,Star Cup,Nitro Cups
22/08/29 (04:006),MW,141.667133,150cc,Cartridge,Star Cup,Nitro Cups
22/08/29 (04:007),MW,141.830048,150cc,Cartridge,Star Cup,Nitro Cups
22/04/13 (05:001),dNBC,143.81,150cc,Cartridge,Bell Cup,Bonus Cups
22/04/13 (05:002),dNBC,142.268,150cc,Cartridge,Bell Cup,Bonus Cups
22/04/13 (05:003),dNBC,142.742,150cc,Cartridge,Bell Cup,Bonus Cups
22/04/23 (05:004),dNBC,141.422623,150cc,Cartridge,Bell Cup,Bonus Cups
22/04/23 (05:005),dNBC,141.769082,150cc,Cartridge,Bell Cup,Bonus Cups
22/04/23 (05:006),dNBC,142.090208,150cc,Cartridge,Bell Cup,Bonus Cups
22/05/28 (05:007),dNBC,143.756642,150cc,Cartridge,Bell Cup,Bonus Cups
22/08/24 (05:008),dNBC,140.199609,150cc,Cartridge,Bell Cup,Bonus Cups
22/08/24 (05:009),dNBC,141.404239,150cc,Cartridge,Bell Cup,Bonus Cups
22/08/24 (05:010),dNBC,140.380465,150cc,Cartridge,Bell Cup,Bonus Cups
22/08/24 (05:011),dNBC,140.476168,150cc,Cartridge,Bell Cup,Bonus Cups
(05:000),dRiR,145.495915,150cc,Cartridge,Bell Cup,Bonus Cups
22/04/13 (05:001),dRiR,149.345,150cc,Cartridge,Bell Cup,Bonus Cups
22/04/13 (05:002),dRiR,154.445,150cc,Cartridge,Bell Cup,Bonus Cups
22/04/13 (05:003),dRiR,145.594,150cc,Cartridge,Bell Cup,Bonus Cups
22/04/23 (05:004),dRiR,149.188596,150cc,Cartridge,Bell Cup,Bonus Cups
22/04/23 (05:006),dRiR,145.495915,150cc,Cartridge,Bell Cup,Bonus Cups
22/05/28 (05:007),dRiR,145.046394,150cc,Cartridge,Bell Cup,Bonus Cups
22/08/24 (05:008),dRiR,144.839544,150cc,Cartridge,Bell Cup,Bonus Cups
22/08/24 (05:010),dRiR,144.150339,150cc,Cartridge,Bell Cup,Bonus Cups
22/08/24 (05:011),dRiR,144.39008,150cc,Cartridge,Bell Cup,Bonus Cups
(05:000),dSBS,143.260407,150cc,Cartridge,Bell Cup,Bonus Cups
22/04/13 (05:001),dSBS,147.582999,150cc,Cartridge,Bell Cup,Bonus Cups
22/04/13 (05:002),dSBS,145.174,150cc,Cartridge,Bell Cup,Bonus Cups
22/04/13 (05:003),dSBS,144.5,150cc,Cartridge,Bell Cup,Bonus Cups
22/04/23 (05:004),dSBS,144.907492,150cc,Cartridge,Bell Cup,Bonus Cups
22/04/23 (05:006),dSBS,143.260407,150cc,Cartridge,Bell Cup,Bonus Cups
22/05/28 (05:007),dSBS,146.8443,150cc,Cartridge,Bell Cup,Bonus Cups
22/08/24 (05:008),dSBS,146.956434,150cc,Cartridge,Bell Cup,Bonus Cups
22/08/24 (05:011),dSBS,142.514488,150cc,Cartridge,Bell Cup,Bonus Cups
(05:000),dBB,119.543818,150cc,Cartridge,Bell Cup,Bonus Cups
22/04/13 (05:001),dBB,122.83,150cc,Cartridge,Bell Cup,Bonus Cups
22/04/13 (05:002),dBB,120.793,150cc,Cartridge,Bell Cup,Bonus Cups
22/04/13 (05:003),dBB,122.379999,150cc,Cartridge,Bell Cup,Bonus Cups
22/04/23 (05:004),dBB,119.67182,150cc,Cartridge,Bell Cup,Bonus Cups
22/04/23 (05:006),dBB,119.543818,150cc,Cartridge,Bell Cup,Bonus Cups
22/05/28 (05:007),dBB,119.271177,150cc,Cartridge,Bell Cup,Bonus Cups
22/08/24 (05:011),dBB,118.801661,150cc,Cartridge,Bell Cup,Bonus Cups
22/04/25 (06:001),CC,155.628323,150cc,Cartridge,Special Cup,Nitro Cups
22/08/22 (06:004),CC,152.636568,150cc,Cartridge,Special Cup,Nitro Cups
22/08/28 (06:005),CC,155.067315,150cc,Cartridge,Special Cup,Nitro Cups
22/08/28 (06:007),CC,153.238578,150cc,Cartridge,Special Cup,Nitro Cups
22/08/29 (06:008),CC,153.769196,150cc,Cartridge,Special Cup,Nitro Cups
22/08/29 (06:009),CC,153.211095,150cc,Cartridge,Special Cup,Nitro Cups
22/04/25 (06:001),BDD,154.964958,150cc,Cartridge,Special Cup,Nitro Cups
22/08/22 (06:004),BDD,149.288446,150cc,Cartridge,Special Cup,Nitro Cups
22/08/28 (06:007),BDD,148.61926,150cc,Cartridge,Special Cup,Nitro Cups
22/08/29 (06:009),BDD,149.814729,150cc,Cartridge,Special Cup,Nitro Cups
(06:000),BC,161.624685,150cc,Cartridge,Special Cup,Nitro Cups
22/04/25 (06:001),BC,161.626593,150cc,Cartridge,Special Cup,Nitro Cups
22/08/22 (06:004),BC,161.624685,150cc,Cartridge,Special Cup,Nitro Cups
22/08/28 (06:007),BC,161.23984,150cc,Cartridge,Special Cup,Nitro Cups
22/08/29 (06:009),BC,159.802586,150cc,Cartridge,Special Cup,Nitro Cups
22/04/25 (06:001),RR,161.444811,150cc,Cartridge,Special Cup,Nitro Cups
22/08/22 (06:004),RR,160.551534,150cc,Cartridge,Special Cup,Nitro Cups
22/08/28 (06:007),RR,162.025504,150cc,Cartridge,Special Cup,Nitro Cups
22/08/29 (06:009),RR,158.024794,150cc,Cartridge,Special Cup,Nitro Cups
22/04/13 (07:001),rWS,155.245,150cc,Cartridge,Leaf Cup,Retro Cups
22/04/13 (07:002),rWS,148.069999,150cc,Cartridge,Leaf Cup,Retro Cups
22/04/13 (07:003),rWS,148.851,150cc,Cartridge,Leaf Cup,Retro Cups
22/07/25 (07:004),rWS,148.188075,150cc,Cartridge,Leaf Cup,Retro Cups
22/08/20 (07:005),rWS,146.987594,150cc,Cartridge,Leaf Cup,Retro Cups
22/08/20 (07:006),rWS,147.434972,150cc,Cartridge,Leaf Cup,Retro Cups
22/08/20 (07:007),rWS,147.163951,150cc,Cartridge,Leaf Cup,Retro Cups
22/08/22 (07:008),rWS,146.602994,150cc,Cartridge,Leaf Cup,Retro Cups
22/04/13 (07:001),rSL,150.532,150cc,Cartridge,Leaf Cup,Retro Cups
22/04/13 (07:002),rSL,147.852,150cc,Cartridge,Leaf Cup,Retro Cups
22/04/13 (07:003),rSL,148.554999,150cc,Cartridge,Leaf Cup,Retro Cups
22/07/25 (07:004),rSL,147.012111,150cc,Cartridge,Leaf Cup,Retro Cups
22/08/20 (07:005),rSL,149.734506,150cc,Cartridge,Leaf Cup,Retro Cups
22/08/20 (07:006),rSL,148.568215,150cc,Cartridge,Leaf Cup,Retro Cups
22/08/20 (07:007),rSL,147.94261,150cc,Cartridge,Leaf Cup,Retro Cups
22/08/22 (07:008),rSL,147.367092,150cc,Cartridge,Leaf Cup,Retro Cups
22/04/13 (07:001),rMP,163.627999,150cc,Cartridge,Leaf Cup,Retro Cups
22/04/13 (07:002),rMP,167.633,150cc,Cartridge,Leaf Cup,Retro Cups
22/04/13 (07:003),rMP,156.676,150cc,Cartridge,Leaf Cup,Retro Cups
22/07/25 (07:004),rMP,157.691619,150cc,Cartridge,Leaf Cup,Retro Cups
22/08/20 (07:006),rMP,159.787002,150cc,Cartridge,Leaf Cup,Retro Cups
22/08/20 (07:007),rMP,158.428562,150cc,Cartridge,Leaf Cup,Retro Cups
22/08/22 (07:008),rMP,157.147555,150cc,Cartridge,Leaf Cup,Retro Cups
22/04/13 (07:001),rYV,171.715,150cc,Cartridge,Leaf Cup,Retro Cups
22/04/13 (07:002),rYV,160.364,150cc,Cartridge,Leaf Cup,Retro Cups
22/04/13 (07:003),rYV,157.775,150cc,Cartridge,Leaf Cup,Retro Cups
22/07/25 (07:004),rYV,156.326469,150cc,Cartridge,Leaf Cup,Retro Cups
22/08/20 (07:006),rYV,156.614885,150cc,Cartridge,Leaf Cup,Retro Cups
22/08/20 (07:007),rYV,156.820526,150cc,Cartridge,Leaf Cup,Retro Cups
22/08/22 (07:008),rYV,156.021938,150cc,Cartridge,Leaf Cup,Retro Cups
22/04/25 (08:001),MKS,129.66433,150cc,Cartridge,Mushroom Cup,Nitro Cups
22/08/22 (08:002),MKS,128.351464,150cc,Cartridge,Mushroom Cup,Nitro Cups
22/08/23 (08:003),MKS,128.105437,150cc,Cartridge,Mushroom Cup,Nitro Cups
22/08/23 (08:005),MKS,127.806859,150cc,Cartridge,Mushroom Cup,Nitro Cups
22/08/29 (08:006),MKS,128.284177,150cc,Cartridge,Mushroom Cup,Nitro Cups
22/04/25 (08:001),WP,133.637934,150cc,Cartridge,Mushroom Cup,Nitro Cups
22/08/22 (08:002),WP,134.308529,150cc,Cartridge,Mushroom Cup,Nitro Cups
22/08/23 (08:003),WP,132.871035,150cc,Cartridge,Mushroom Cup,Nitro Cups
22/08/23 (08:005),WP,133.217353,150cc,Cartridge,Mushroom Cup,Nitro Cups
22/08/29 (08:006),WP,133.352104,150cc,Cartridge,Mushroom Cup,Nitro Cups
22/04/25 (08:001),SSC,146.120483,150cc,Cartridge,Mushroom Cup,Nitro Cups
22/08/22 (08:002),SSC,146.235477,150cc,Cartridge,Mushroom Cup,Nitro Cups
22/08/23 (08:003),SSC,145.211592,150cc,Cartridge,Mushroom Cup,Nitro Cups
22/08/23 (08:005),SSC,144.922318,150cc,Cartridge,Mushroom Cup,Nitro Cups
22/08/29 (08:006),SSC,146.408074,150cc,Cartridge,Mushroom Cup,Nitro Cups
22/04/25 (08:001),TR,149.54251,150cc,Cartridge,Mushroom Cup,Nitro Cups
22/08/22 (08:002),TR,147.575642,150cc,Cartridge,Mushroom Cup,Nitro Cups
22/08/23 (08:003),TR,147.046816,150cc,Cartridge,Mushroom Cup,Nitro Cups
22/08/23 (08:005),TR,147.52606,150cc,Cartridge,Mushroom Cup,Nitro Cups
22/08/29 (08:006),TR,147.849887,150cc,Cartridge,Mushroom Cup,Nitro Cups
22/08/24 (09:001),bTB,114.300075,150cc,Cartridge,Lucky Cat Cup,DLC Cups
22/08/29 (09:002),bTB,113.436427,150cc,Cartridge,Lucky Cat Cup,DLC Cups
22/08/29 (09:003),bTB,113.421052,150cc,Cartridge,Lucky Cat Cup,DLC Cups
22/08/24 (09:001),bSR,143.641253,150cc,Cartridge,Lucky Cat Cup,DLC Cups
22/08/29 (09:003),bSR,141.43159,150cc,Cartridge,Lucky Cat Cup,DLC Cups
(09:000),bSG,123.738539,150cc,Cartridge,Lucky Cat Cup,DLC Cups
22/08/24 (09:001),bSG,123.738539,150cc,Cartridge,Lucky Cat Cup,DLC Cups
22/08/29 (09:003),bSG,123.709606,150cc,Cartridge,Lucky Cat Cup,DLC Cups
22/08/24 (09:001),bNH,156.630114,150cc,Cartridge,Lucky Cat Cup,DLC Cups
22/08/29 (09:003),bNH,153.785488,150cc,Cartridge,Lucky Cat Cup,DLC Cups
22/02/20 (10:001),Mario Kart Stadium,135.951707,No Items,Cartridge,150cc,48 Tracks
22/02/23 (10:002),Mario Kart Stadium,130.313486,No Items,Cartridge,150cc,48 Tracks
22/02/25 (10:003),Mario Kart Stadium,132.745151,No Items,Cartridge,150cc,48 Tracks
22/02/27 (10:004),Mario Kart Stadium,131.964295,No Items,Cartridge,150cc,48 Tracks
22/03/07 (10:005),Mario Kart Stadium,132.839551,No Items,Cartridge,150cc,48 Tracks
22/03/13 (10:006),Mario Kart Stadium,131.753976,No Items,Cartridge,150cc,48 Tracks
22/03/15 (10:007),Mario Kart Stadium,131.563786,No Items,Cartridge,150cc,48 Tracks
22/04/05 (10:008),Mario Kart Stadium,131.504708,No Items,Cartridge,150cc,48 Tracks
22/04/19 (10:009),Mario Kart Stadium,130.062011,No Items,Cartridge,150cc,48 Tracks
22/04/19 (10:010),Mario Kart Stadium,130.413971,No Items,Cartridge,150cc,48 Tracks
22/04/23 (10:011),Mario Kart Stadium,129.554563,No Items,Cartridge,150cc,48 Tracks
22/06/06 (10:012),Mario Kart Stadium,129.837703,No Items,Cartridge,150cc,48 Tracks
22/06/06 (10:013),Mario Kart Stadium,129.868771,No Items,Cartridge,150cc,48 Tracks
22/06/06 (10:015),Mario Kart Stadium,129.40581,No Items,Cartridge,150cc,48 Tracks
22/07/04 (10:016),Mario Kart Stadium,129.805291,No Items,Cartridge,150cc,48 Tracks
22/07/04 (10:018),Mario Kart Stadium,128.828902,No Items,Cartridge,150cc,48 Tracks
22/07/04 (10:019),Mario Kart Stadium,128.862327,No Items,Cartridge,150cc,48 Tracks
(10:000),Water Park,137.511559,No Items,Cartridge,150cc,48 Tracks
22/02/20 (10:001),Water Park,139.363493,No Items,Cartridge,150cc,48 Tracks
22/02/23 (10:002),Water Park,138.794012,No Items,Cartridge,150cc,48 Tracks
22/02/25 (10:003),Water Park,139.706727,No Items,Cartridge,150cc,48 Tracks
22/02/27 (10:004),Water Park,141.097707,No Items,Cartridge,150cc,48 Tracks
22/03/07 (10:005),Water Park,136.853504,No Items,Cartridge,150cc,48 Tracks
22/03/13 (10:006),Water Park,137.511557,No Items,Cartridge,150cc,48 Tracks
22/03/15 (10:007),Water Park,136.420722,No Items,Cartridge,150cc,48 Tracks
22/04/05 (10:008),Water Park,135.556066,No Items,Cartridge,150cc,48 Tracks
22/04/19 (10:009),Water Park,137.172005,No Items,Cartridge,150cc,48 Tracks
22/04/19 (10:010),Water Park,134.09314,No Items,Cartridge,150cc,48 Tracks
22/04/23 (10:011),Water Park,135.762353,No Items,Cartridge,150cc,48 Tracks
22/06/06 (10:012),Water Park,133.703511,No Items,Cartridge,150cc,48 Tracks
22/06/06 (10:013),Water Park,133.467796,No Items,Cartridge,150cc,48 Tracks
22/06/06 (10:015),Water Park,133.163868,No Items,Cartridge,150cc,48 Tracks
22/07/04 (10:016),Water Park,133.483416,No Items,Cartridge,150cc,48 Tracks
22/07/04 (10:018),Water Park,133.975664,No Items,Cartridge,150cc,48 Tracks
22/07/04 (10:019),Water Park,132.571369,No Items,Cartridge,150cc,48 Tracks
22/02/20 (10:001),Sweet Sweet Canyon,153.773971,No Items,Cartridge,150cc,48 Tracks
22/02/23 (10:002),Sweet Sweet Canyon,148.698252,No Items,Cartridge,150cc,48 Tracks
22/02/25 (10:003),Sweet Sweet Canyon,147.731083,No Items,Cartridge,150cc,48 Tracks
22/02/27 (10:004),Sweet Sweet Canyon,147.929945,No Items,Cartridge,150cc,48 Tracks
22/03/07 (10:005),Sweet Sweet Canyon,148.88924,No Items,Cartridge,150cc,48 Tracks
22/03/13 (10:006),Sweet Sweet Canyon,148.822487,No Items,Cartridge,150cc,48 Tracks
22/03/15 (10:007),Sweet Sweet Canyon,149.658859,No Items,Cartridge,150cc,48 Tracks
22/04/05 (10:008),Sweet Sweet Canyon,147.291788,No Items,Cartridge,150cc,48 Tracks
22/04/19 (10:009),Sweet Sweet Canyon,146.255127,No Items,Cartridge,150cc,48 Tracks
22/04/19 (10:010),Sweet Sweet Canyon,148.040851,No Items,Cartridge,150cc,48 Tracks
22/04/23 (10:011),Sweet Sweet Canyon,146.989306,No Items,Cartridge,150cc,48 Tracks
22/06/06 (10:012),Sweet Sweet Canyon,146.347665,No Items,Cartridge,150cc,48 Tracks
22/06/06 (10:013),Sweet Sweet Canyon,146.405407,No Items,Cartridge,150cc,48 Tracks
22/06/06 (10:015),Sweet Sweet Canyon,145.574997,No Items,Cartridge,150cc,48 Tracks
22/07/04 (10:016),Sweet Sweet Canyon,147.046246,No Items,Cartridge,150cc,48 Tracks
22/07/04 (10:018),Sweet Sweet Canyon,146.187125,No Items,Cartridge,150cc,48 Tracks
22/07/04 (10:019),Sweet Sweet Canyon,145.478011,No Items,Cartridge,150cc,48 Tracks
22/02/20 (10:001),Thwomp Ruins,158.786954,No Items,Cartridge,150cc,48 Tracks
22/02/23 (10:002),Thwomp Ruins,152.105226,No Items,Cartridge,150cc,48 Tracks
22/02/25 (10:003),Thwomp Ruins,151.847036,No Items,Cartridge,150cc,48 Tracks
22/02/27 (10:004),Thwomp Ruins,151.511204,No Items,Cartridge,150cc,48 Tracks
22/03/07 (10:005),Thwomp Ruins,155.560454,No Items,Cartridge,150cc,48 Tracks
22/03/13 (10:006),Thwomp Ruins,152.150904,No Items,Cartridge,150cc,48 Tracks
22/03/15 (10:007),Thwomp Ruins,150.984189,No Items,Cartridge,150cc,48 Tracks
22/04/05 (10:008),Thwomp Ruins,150.853649,No Items,Cartridge,150cc,48 Tracks
22/04/19 (10:010),Thwomp Ruins,154.081751,No Items,Cartridge,150cc,48 Tracks
22/04/23 (10:011),Thwomp Ruins,149.428031,No Items,Cartridge,150cc,48 Tracks
22/06/06 (10:012),Thwomp Ruins,147.256045,No Items,Cartridge,150cc,48 Tracks
22/06/06 (10:013),Thwomp Ruins,148.983048,No Items,Cartridge,150cc,48 Tracks
22/06/06 (10:015),Thwomp Ruins,147.848519,No Items,Cartridge,150cc,48 Tracks
22/07/04 (10:016),Thwomp Ruins,148.683553,No Items,Cartridge,150cc,48 Tracks
22/07/04 (10:019),Thwomp Ruins,148.295251,No Items,Cartridge,150cc,48 Tracks
22/02/20 (10:001),Mario Circuit,147.887286,No Items,Cartridge,150cc,48 Tracks
22/02/23 (10:002),Mario Circuit,147.466615,No Items,Cartridge,150cc,48 Tracks
22/02/25 (10:003),Mario Circuit,147.658331,No Items,Cartridge,150cc,48 Tracks
22/02/27 (10:004),Mario Circuit,146.153595,No Items,Cartridge,150cc,48 Tracks
22/03/07 (10:005),Mario Circuit,146.268613,No Items,Cartridge,150cc,48 Tracks
22/03/13 (10:006),Mario Circuit,145.868915,No Items,Cartridge,150cc,48 Tracks
22/03/15 (10:007),Mario Circuit,146.233718,No Items,Cartridge,150cc,48 Tracks
22/04/05 (10:008),Mario Circuit,144.811357,No Items,Cartridge,150cc,48 Tracks
22/04/19 (10:010),Mario Circuit,145.180053,No Items,Cartridge,150cc,48 Tracks
22/04/23 (10:011),Mario Circuit,142.47617,No Items,Cartridge,150cc,48 Tracks
22/06/06 (10:012),Mario Circuit,142.585868,No Items,Cartridge,150cc,48 Tracks
22/06/06 (10:013),Mario Circuit,143.388049,No Items,Cartridge,150cc,48 Tracks
22/06/06 (10:015),Mario Circuit,143.217344,No Items,Cartridge,150cc,48 Tracks
22/07/04 (10:016),Mario Circuit,141.97631,No Items,Cartridge,150cc,48 Tracks
22/07/04 (10:019),Mario Circuit,141.787151,No Items,Cartridge,150cc,48 Tracks
22/02/20 (10:001),Toad Harbor,167.618421,No Items,Cartridge,150cc,48 Tracks
22/02/23 (10:002),Toad Harbor,166.970097,No Items,Cartridge,150cc,48 Tracks
22/02/25 (10:003),Toad Harbor,170.961508,No Items,Cartridge,150cc,48 Tracks
22/02/27 (10:004),Toad Harbor,167.127725,No Items,Cartridge,150cc,48 Tracks
22/03/07 (10:005),Toad Harbor,167.031507,No Items,Cartridge,150cc,48 Tracks
22/03/13 (10:006),Toad Harbor,166.115141,No Items,Cartridge,150cc,48 Tracks
22/03/15 (10:007),Toad Harbor,170.677464,No Items,Cartridge,150cc,48 Tracks
22/04/05 (10:008),Toad Harbor,165.179412,No Items,Cartridge,150cc,48 Tracks
22/04/19 (10:010),Toad Harbor,164.035738,No Items,Cartridge,150cc,48 Tracks
22/04/23 (10:011),Toad Harbor,165.568048,No Items,Cartridge,150cc,48 Tracks
22/06/06 (10:012),Toad Harbor,165.255105,No Items,Cartridge,150cc,48 Tracks
22/06/06 (10:013),Toad Harbor,164.950424,No Items,Cartridge,150cc,48 Tracks
22/06/06 (10:015),Toad Harbor,162.38184,No Items,Cartridge,150cc,48 Tracks
22/07/04 (10:016),Toad Harbor,162.023745,No Items,Cartridge,150cc,48 Tracks
22/07/04 (10:019),Toad Harbor,162.122393,No Items,Cartridge,150cc,48 Tracks
22/02/20 (10:001),Twisted Mansion,158.192552,No Items,Cartridge,150cc,48 Tracks
22/02/23 (10:002),Twisted Mansion,156.731463,No Items,Cartridge,150cc,48 Tracks
22/02/25 (10:003),Twisted Mansion,157.517302,No Items,Cartridge,150cc,48 Tracks
22/02/27 (10:004),Twisted Mansion,155.803605,No Items,Cartridge,150cc,48 Tracks
22/03/07 (10:005),Twisted Mansion,157.753004,No Items,Cartridge,150cc,48 Tracks
22/03/13 (10:006),Twisted Mansion,156.441962,No Items,Cartridge,150cc,48 Tracks
22/03/15 (10:007),Twisted Mansion,155.723532,No Items,Cartridge,150cc,48 Tracks
22/04/05 (10:008),Twisted Mansion,154.583817,No Items,Cartridge,150cc,48 Tracks
22/04/19 (10:010),Twisted Mansion,153.086301,No Items,Cartridge,150cc,48 Tracks
22/04/23 (10:011),Twisted Mansion,152.92993,No Items,Cartridge,150cc,48 Tracks
22/06/06 (10:012),Twisted Mansion,154.525744,No Items,Cartridge,150cc,48 Tracks
22/06/06 (10:013),Twisted Mansion,156.443393,No Items,Cartridge,150cc,48 Tracks
22/06/06 (10:015),Twisted Mansion,153.010401,No Items,Cartridge,150cc,48 Tracks
22/07/04 (10:016),Twisted Mansion,154.58527,No Items,Cartridge,150cc,48 Tracks
22/07/04 (10:019),Twisted Mansion,153.09684,No Items,Cartridge,150cc,48 Tracks
22/02/20 (10:001),Shy Guy Falls,164.912317,No Items,Cartridge,150cc,48 Tracks
22/02/23 (10:002),Shy Guy Falls,163.327739,No Items,Cartridge,150cc,48 Tracks
22/02/25 (10:003),Shy Guy Falls,162.706286,No Items,Cartridge,150cc,48 Tracks
22/02/27 (10:004),Shy Guy Falls,165.990252,No Items,Cartridge,150cc,48 Tracks
22/03/07 (10:005),Shy Guy Falls,162.966186,No Items,Cartridge,150cc,48 Tracks
22/03/13 (10:006),Shy Guy Falls,161.641165,No Items,Cartridge,150cc,48 Tracks
22/03/15 (10:007),Shy Guy Falls,162.213402,No Items,Cartridge,150cc,48 Tracks
22/04/05 (10:008),Shy Guy Falls,161.062495,No Items,Cartridge,150cc,48 Tracks
22/04/19 (10:010),Shy Guy Falls,161.976414,No Items,Cartridge,150cc,48 Tracks
22/04/23 (10:011),Shy Guy Falls,160.565052,No Items,Cartridge,150cc,48 Tracks
22/06/06 (10:012),Shy Guy Falls,159.843511,No Items,Cartridge,150cc,48 Tracks
22/06/06 (10:013),Shy Guy Falls,169.187269,No Items,Cartridge,150cc,48 Tracks
22/06/06 (10:015),Shy Guy Falls,160.046929,No Items,Cartridge,150cc,48 Tracks
22/07/04 (10:016),Shy Guy Falls,159.750581,No Items,Cartridge,150cc,48 Tracks
22/07/04 (10:019),Shy Guy Falls,159.589834,No Items,Cartridge,150cc,48 Tracks
22/02/20 (10:001),Sunshine Airport,161.372063,No Items,Cartridge,150cc,48 Tracks
22/02/23 (10:002),Sunshine Airport,163.323212,No Items,Cartridge,150cc,48 Tracks
22/02/25 (10:003),Sunshine Airport,164.189658,No Items,Cartridge,150cc,48 Tracks
22/02/27 (10:004),Sunshine Airport,159.57759,No Items,Cartridge,150cc,48 Tracks
22/03/07 (10:005),Sunshine Airport,160.977239,No Items,Cartridge,150cc,48 Tracks
22/03/13 (10:006),Sunshine Airport,159.188559,No Items,Cartridge,150cc,48 Tracks
22/03/15 (10:007),Sunshine Airport,159.117203,No Items,Cartridge,150cc,48 Tracks
22/04/05 (10:008),Sunshine Airport,158.631461,No Items,Cartridge,150cc,48 Tracks
22/04/19 (10:010),Sunshine Airport,160.294877,No Items,Cartridge,150cc,48 Tracks
22/04/23 (10:011),Sunshine Airport,160.685179,No Items,Cartridge,150cc,48 Tracks
22/06/06 (10:012),Sunshine Airport,156.698586,No Items,Cartridge,150cc,48 Tracks
22/06/06 (10:015),Sunshine Airport,156.253399,No Items,Cartridge,150cc,48 Tracks
22/07/04 (10:016),Sunshine Airport,156.634889,No Items,Cartridge,150cc,48 Tracks
22/07/04 (10:019),Sunshine Airport,156.205162,No Items,Cartridge,150cc,48 Tracks
22/02/20 (10:001),Dolphin Shoals,162.519826,No Items,Cartridge,150cc,48 Tracks
22/02/23 (10:002),Dolphin Shoals,158.054608,No Items,Cartridge,150cc,48 Tracks
22/02/25 (10:003),Dolphin Shoals,158.913516,No Items,Cartridge,150cc,48 Tracks
22/02/27 (10:004),Dolphin Shoals,157.379268,No Items,Cartridge,150cc,48 Tracks
22/03/07 (10:005),Dolphin Shoals,159.631849,No Items,Cartridge,150cc,48 Tracks
22/03/13 (10:006),Dolphin Shoals,156.55512,No Items,Cartridge,150cc,48 Tracks
22/03/15 (10:007),Dolphin Shoals,157.025704,No Items,Cartridge,150cc,48 Tracks
22/04/05 (10:008),Dolphin Shoals,156.447306,No Items,Cartridge,150cc,48 Tracks
22/04/19 (10:010),Dolphin Shoals,157.061642,No Items,Cartridge,150cc,48 Tracks
22/04/23 (10:011),Dolphin Shoals,154.131633,No Items,Cartridge,150cc,48 Tracks
22/06/06 (10:012),Dolphin Shoals,155.163055,No Items,Cartridge,150cc,48 Tracks
22/06/06 (10:015),Dolphin Shoals,154.675396,No Items,Cartridge,150cc,48 Tracks
22/07/04 (10:016),Dolphin Shoals,153.11301,No Items,Cartridge,150cc,48 Tracks
22/07/04 (10:019),Dolphin Shoals,153.975834,No Items,Cartridge,150cc,48 Tracks
22/02/20 (10:001),Electrodrome,163.026233,No Items,Cartridge,150cc,48 Tracks
22/02/23 (10:002),Electrodrome,161.866162,No Items,Cartridge,150cc,48 Tracks
22/02/25 (10:003),Electrodrome,159.887879,No Items,Cartridge,150cc,48 Tracks
22/02/27 (10:004),Electrodrome,160.378215,No Items,Cartridge,150cc,48 Tracks
22/03/07 (10:005),Electrodrome,161.957417,No Items,Cartridge,150cc,48 Tracks
22/03/13 (10:006),Electrodrome,160.053875,No Items,Cartridge,150cc,48 Tracks
22/03/15 (10:007),Electrodrome,159.032978,No Items,Cartridge,150cc,48 Tracks
22/04/05 (10:008),Electrodrome,158.954557,No Items,Cartridge,150cc,48 Tracks
22/04/19 (10:010),Electrodrome,158.429636,No Items,Cartridge,150cc,48 Tracks
22/04/23 (10:011),Electrodrome,157.389296,No Items,Cartridge,150cc,48 Tracks
22/06/06 (10:012),Electrodrome,159.302008,No Items,Cartridge,150cc,48 Tracks
22/06/06 (10:015),Electrodrome,158.351062,No Items,Cartridge,150cc,48 Tracks
22/07/04 (10:016),Electrodrome,157.113595,No Items,Cartridge,150cc,48 Tracks
22/07/04 (10:019),Electrodrome,156.424165,No Items,Cartridge,150cc,48 Tracks
22/02/20 (10:001),Mount Wario,149.275129,No Items,Cartridge,150cc,48 Tracks
22/02/23 (10:002),Mount Wario,150.231518,No Items,Cartridge,150cc,48 Tracks
22/02/25 (10:003),Mount Wario,149.299541,No Items,Cartridge,150cc,48 Tracks
22/02/27 (10:004),Mount Wario,146.838617,No Items,Cartridge,150cc,48 Tracks
22/03/07 (10:005),Mount Wario,146.814981,No Items,Cartridge,150cc,48 Tracks
22/03/13 (10:006),Mount Wario,144.570582,No Items,Cartridge,150cc,48 Tracks
22/03/15 (10:007),Mount Wario,145.786748,No Items,Cartridge,150cc,48 Tracks
22/04/05 (10:008),Mount Wario,146.531388,No Items,Cartridge,150cc,48 Tracks
22/04/19 (10:010),Mount Wario,146.037166,No Items,Cartridge,150cc,48 Tracks
22/04/23 (10:011),Mount Wario,144.519501,No Items,Cartridge,150cc,48 Tracks
22/06/06 (10:012),Mount Wario,149.467172,No Items,Cartridge,150cc,48 Tracks
22/06/06 (10:015),Mount Wario,144.09898,No Items,Cartridge,150cc,48 Tracks
22/07/04 (10:016),Mount Wario,142.920051,No Items,Cartridge,150cc,48 Tracks
22/07/04 (10:019),Mount Wario,146.391108,No Items,Cartridge,150cc,48 Tracks
22/02/20 (10:001),Cloudtop Cruise,166.04393,No Items,Cartridge,150cc,48 Tracks
22/02/23 (10:002),Cloudtop Cruise,160.329253,No Items,Cartridge,150cc,48 Tracks
22/02/25 (10:003),Cloudtop Cruise,162.060031,No Items,Cartridge,150cc,48 Tracks
22/02/27 (10:004),Cloudtop Cruise,167.021821,No Items,Cartridge,150cc,48 Tracks
22/03/07 (10:005),Cloudtop Cruise,163.910679,No Items,Cartridge,150cc,48 Tracks
22/03/13 (10:006),Cloudtop Cruise,161.416248,No Items,Cartridge,150cc,48 Tracks
22/03/15 (10:007),Cloudtop Cruise,162.102259,No Items,Cartridge,150cc,48 Tracks
22/04/05 (10:008),Cloudtop Cruise,160.468142,No Items,Cartridge,150cc,48 Tracks
22/04/19 (10:010),Cloudtop Cruise,159.83661,No Items,Cartridge,150cc,48 Tracks
22/04/23 (10:011),Cloudtop Cruise,158.639644,No Items,Cartridge,150cc,48 Tracks
22/06/06 (10:012),Cloudtop Cruise,164.037775,No Items,Cartridge,150cc,48 Tracks
22/06/06 (10:015),Cloudtop Cruise,162.05866,No Items,Cartridge,150cc,48 Tracks
22/07/04 (10:019),Cloudtop Cruise,157.435449,No Items,Cartridge,150cc,48 Tracks
22/02/20 (10:001),Bone-Dry Dunes,159.12439,No Items,Cartridge,150cc,48 Tracks
22/02/23 (10:002),Bone-Dry Dunes,158.51818600000001,No Items,Cartridge,150cc,48 Tracks
22/02/25 (10:003),Bone-Dry Dunes,155.617118,No Items,Cartridge,150cc,48 Tracks
22/02/27 (10:004),Bone-Dry Dunes,157.666336,No Items,Cartridge,150cc,48 Tracks
22/03/07 (10:005),Bone-Dry Dunes,157.398812,No Items,Cartridge,150cc,48 Tracks
22/03/13 (10:006),Bone-Dry Dunes,155.541155,No Items,Cartridge,150cc,48 Tracks
22/03/15 (10:007),Bone-Dry Dunes,155.88259299999999,No Items,Cartridge,150cc,48 Tracks
22/04/05 (10:008),Bone-Dry Dunes,154.267419,No Items,Cartridge,150cc,48 Tracks
22/04/19 (10:010),Bone-Dry Dunes,152.662363,No Items,Cartridge,150cc,48 Tracks
22/04/23 (10:011),Bone-Dry Dunes,155.294674,No Items,Cartridge,150cc,48 Tracks
22/06/06 (10:015),Bone-Dry Dunes,154.02902,No Items,Cartridge,150cc,48 Tracks
22/07/04 (10:019),Bone-Dry Dunes,151.494373,No Items,Cartridge,150cc,48 Tracks
22/02/20 (10:001),Bowser's Castle,167.638137,No Items,Cartridge,150cc,48 Tracks
22/02/23 (10:002),Bowser's Castle,171.63944,No Items,Cartridge,150cc,48 Tracks
22/02/25 (10:003),Bowser's Castle,164.866893,No Items,Cartridge,150cc,48 Tracks
22/02/27 (10:004),Bowser's Castle,165.132071,No Items,Cartridge,150cc,48 Tracks
22/03/07 (10:005),Bowser's Castle,164.968884,No Items,Cartridge,150cc,48 Tracks
22/03/13 (10:006),Bowser's Castle,165.037172,No Items,Cartridge,150cc,48 Tracks
22/03/15 (10:007),Bowser's Castle,163.12869,No Items,Cartridge,150cc,48 Tracks
22/04/05 (10:008),Bowser's Castle,162.974514,No Items,Cartridge,150cc,48 Tracks
22/04/19 (10:010),Bowser's Castle,166.032246,No Items,Cartridge,150cc,48 Tracks
22/04/23 (10:011),Bowser's Castle,162.474133,No Items,Cartridge,150cc,48 Tracks
22/06/06 (10:015),Bowser's Castle,167.259061,No Items,Cartridge,150cc,48 Tracks
22/07/04 (10:019),Bowser's Castle,166.267248,No Items,Cartridge,150cc,48 Tracks
22/02/20 (10:001),Rainbow Road,164.266,No Items,Cartridge,150cc,48 Tracks
22/02/23 (10:002),Rainbow Road,166.824412,No Items,Cartridge,150cc,48 Tracks
22/02/25 (10:003),Rainbow Road,167.829479,No Items,Cartridge,150cc,48 Tracks
22/02/27 (10:004),Rainbow Road,170.13433,No Items,Cartridge,150cc,48 Tracks
22/03/07 (10:005),Rainbow Road,163.289821,No Items,Cartridge,150cc,48 Tracks
22/03/13 (10:006),Rainbow Road,161.143797,No Items,Cartridge,150cc,48 Tracks
22/03/15 (10:007),Rainbow Road,163.797763,No Items,Cartridge,150cc,48 Tracks
22/04/05 (10:008),Rainbow Road,161.64092,No Items,Cartridge,150cc,48 Tracks
22/04/19 (10:010),Rainbow Road,168.18726,No Items,Cartridge,150cc,48 Tracks
22/04/23 (10:011),Rainbow Road,159.349466,No Items,Cartridge,150cc,48 Tracks
22/06/06 (10:015),Rainbow Road,159.104278,No Items,Cartridge,150cc,48 Tracks
22/07/04 (10:019),Rainbow Road,160.764005,No Items,Cartridge,150cc,48 Tracks
22/02/20 (10:001),(Wii) Moo Moo Meadows,122.428628,No Items,Cartridge,150cc,48 Tracks
22/02/23 (10:002),(Wii) Moo Moo Meadows,124.172353,No Items,Cartridge,150cc,48 Tracks
22/02/25 (10:003),(Wii) Moo Moo Meadows,122.428954,No Items,Cartridge,150cc,48 Tracks
22/02/27 (10:004),(Wii) Moo Moo Meadows,122.441289,No Items,Cartridge,150cc,48 Tracks
22/03/07 (10:005),(Wii) Moo Moo Meadows,122.026484,No Items,Cartridge,150cc,48 Tracks
22/03/13 (10:006),(Wii) Moo Moo Meadows,122.618247,No Items,Cartridge,150cc,48 Tracks
22/03/15 (10:007),(Wii) Moo Moo Meadows,122.235345,No Items,Cartridge,150cc,48 Tracks
22/04/05 (10:008),(Wii) Moo Moo Meadows,120.599182,No Items,Cartridge,150cc,48 Tracks
22/04/19 (10:010),(Wii) Moo Moo Meadows,119.857067,No Items,Cartridge,150cc,48 Tracks
22/04/23 (10:011),(Wii) Moo Moo Meadows,119.833038,No Items,Cartridge,150cc,48 Tracks
22/06/06 (10:015),(Wii) Moo Moo Meadows,119.648303,No Items,Cartridge,150cc,48 Tracks
22/07/04 (10:019),(Wii) Moo Moo Meadows,119.304264,No Items,Cartridge,150cc,48 Tracks
22/02/20 (10:001),(GBA) Mario Circuit,125.830528,No Items,Cartridge,150cc,48 Tracks
22/02/23 (10:002),(GBA) Mario Circuit,125.354729,No Items,Cartridge,150cc,48 Tracks
22/02/25 (10:003),(GBA) Mario Circuit,126.199514,No Items,Cartridge,150cc,48 Tracks
22/02/27 (10:004),(GBA) Mario Circuit,126.759288,No Items,Cartridge,150cc,48 Tracks
22/03/07 (10:005),(GBA) Mario Circuit,125.334398,No Items,Cartridge,150cc,48 Tracks
22/03/13 (10:006),(GBA) Mario Circuit,123.865206,No Items,Cartridge,150cc,48 Tracks
22/03/15 (10:007),(GBA) Mario Circuit,124.586005,No Items,Cartridge,150cc,48 Tracks
22/04/05 (10:008),(GBA) Mario Circuit,123.32879,No Items,Cartridge,150cc,48 Tracks
22/04/19 (10:010),(GBA) Mario Circuit,121.876005,No Items,Cartridge,150cc,48 Tracks
22/04/23 (10:011),(GBA) Mario Circuit,125.085439,No Items,Cartridge,150cc,48 Tracks
22/06/06 (10:015),(GBA) Mario Circuit,121.635779,No Items,Cartridge,150cc,48 Tracks
22/07/04 (10:019),(GBA) Mario Circuit,122.80498,No Items,Cartridge,150cc,48 Tracks
22/02/20 (10:001),(DS) Cheep Cheep Beach,150.348572,No Items,Cartridge,150cc,48 Tracks
22/02/23 (10:002),(DS) Cheep Cheep Beach,148.227032,No Items,Cartridge,150cc,48 Tracks
22/02/25 (10:003),(DS) Cheep Cheep Beach,148.398508,No Items,Cartridge,150cc,48 Tracks
22/02/27 (10:004),(DS) Cheep Cheep Beach,148.203193,No Items,Cartridge,150cc,48 Tracks
22/03/07 (10:005),(DS) Cheep Cheep Beach,146.797452,No Items,Cartridge,150cc,48 Tracks
22/03/13 (10:006),(DS) Cheep Cheep Beach,146.310089,No Items,Cartridge,150cc,48 Tracks
22/03/15 (10:007),(DS) Cheep Cheep Beach,148.012097,No Items,Cartridge,150cc,48 Tracks
22/04/05 (10:008),(DS) Cheep Cheep Beach,147.630503,No Items,Cartridge,150cc,48 Tracks
22/04/19 (10:010),(DS) Cheep Cheep Beach,148.108059,No Items,Cartridge,150cc,48 Tracks
22/04/23 (10:011),(DS) Cheep Cheep Beach,144.492787,No Items,Cartridge,150cc,48 Tracks
22/06/06 (10:015),(DS) Cheep Cheep Beach,144.751013,No Items,Cartridge,150cc,48 Tracks
22/07/04 (10:019),(DS) Cheep Cheep Beach,146.188516,No Items,Cartridge,150cc,48 Tracks
22/02/20 (10:001),(N64) Toad's Turnpike,147.730741,No Items,Cartridge,150cc,48 Tracks
22/02/23 (10:002),(N64) Toad's Turnpike,147.067605,No Items,Cartridge,150cc,48 Tracks
22/02/25 (10:003),(N64) Toad's Turnpike,146.511079,No Items,Cartridge,150cc,48 Tracks
22/02/27 (10:004),(N64) Toad's Turnpike,145.897467,No Items,Cartridge,150cc,48 Tracks
22/03/07 (10:005),(N64) Toad's Turnpike,148.312836,No Items,Cartridge,150cc,48 Tracks
22/03/13 (10:006),(N64) Toad's Turnpike,147.242748,No Items,Cartridge,150cc,48 Tracks
22/03/15 (10:007),(N64) Toad's Turnpike,146.21115,No Items,Cartridge,150cc,48 Tracks
22/04/05 (10:008),(N64) Toad's Turnpike,146.043126,No Items,Cartridge,150cc,48 Tracks
22/04/19 (10:010),(N64) Toad's Turnpike,146.32538,No Items,Cartridge,150cc,48 Tracks
22/04/23 (10:011),(N64) Toad's Turnpike,142.75698,No Items,Cartridge,150cc,48 Tracks
22/06/06 (10:015),(N64) Toad's Turnpike,144.866926,No Items,Cartridge,150cc,48 Tracks
22/07/04 (10:019),(N64) Toad's Turnpike,140.805962,No Items,Cartridge,150cc,48 Tracks
22/02/20 (10:001),(GCN) Dry Dry Desert,175.277391,No Items,Cartridge,150cc,48 Tracks
22/02/23 (10:002),(GCN) Dry Dry Desert,173.946395,No Items,Cartridge,150cc,48 Tracks
22/02/25 (10:003),(GCN) Dry Dry Desert,178.377743,No Items,Cartridge,150cc,48 Tracks
22/02/27 (10:004),(GCN) Dry Dry Desert,172.425433,No Items,Cartridge,150cc,48 Tracks
22/03/07 (10:005),(GCN) Dry Dry Desert,168.038238,No Items,Cartridge,150cc,48 Tracks
22/03/13 (10:006),(GCN) Dry Dry Desert,166.72688,No Items,Cartridge,150cc,48 Tracks
22/03/15 (10:007),(GCN) Dry Dry Desert,169.322349,No Items,Cartridge,150cc,48 Tracks
22/04/05 (10:008),(GCN) Dry Dry Desert,163.2135,No Items,Cartridge,150cc,48 Tracks
22/04/19 (10:010),(GCN) Dry Dry Desert,164.989104,No Items,Cartridge,150cc,48 Tracks
22/04/23 (10:011),(GCN) Dry Dry Desert,163.57894,No Items,Cartridge,150cc,48 Tracks
22/06/06 (10:015),(GCN) Dry Dry Desert,161.595215,No Items,Cartridge,150cc,48 Tracks
22/07/04 (10:019),(GCN) Dry Dry Desert,162.6022,No Items,Cartridge,150cc,48 Tracks
22/02/20 (10:001),(SNES) Donut Plains 3,119.164076,No Items,Cartridge,150cc,48 Tracks
22/02/23 (10:002),(SNES) Donut Plains 3,120.551886,No Items,Cartridge,150cc,48 Tracks
22/02/25 (10:003),(SNES) Donut Plains 3,118.217205,No Items,Cartridge,150cc,48 Tracks
22/02/27 (10:004),(SNES) Donut Plains 3,115.397821,No Items,Cartridge,150cc,48 Tracks
22/03/07 (10:005),(SNES) Donut Plains 3,119.832393,No Items,Cartridge,150cc,48 Tracks
22/03/13 (10:006),(SNES) Donut Plains 3,117.003213,No Items,Cartridge,150cc,48 Tracks
22/03/15 (10:007),(SNES) Donut Plains 3,115.879602,No Items,Cartridge,150cc,48 Tracks
22/04/05 (10:008),(SNES) Donut Plains 3,116.276607,No Items,Cartridge,150cc,48 Tracks
22/04/19 (10:010),(SNES) Donut Plains 3,123.780585,No Items,Cartridge,150cc,48 Tracks
22/04/23 (10:011),(SNES) Donut Plains 3,118.392339,No Items,Cartridge,150cc,48 Tracks
22/06/06 (10:015),(SNES) Donut Plains 3,116.058787,No Items,Cartridge,150cc,48 Tracks
22/07/04 (10:019),(SNES) Donut Plains 3,115.131468,No Items,Cartridge,150cc,48 Tracks
22/02/20 (10:001),(N64) Royal Raceway,160.004961,No Items,Cartridge,150cc,48 Tracks
22/02/23 (10:002),(N64) Royal Raceway,160.202805,No Items,Cartridge,150cc,48 Tracks
22/02/25 (10:003),(N64) Royal Raceway,159.113184,No Items,Cartridge,150cc,48 Tracks
22/02/27 (10:004),(N64) Royal Raceway,158.50680499999999,No Items,Cartridge,150cc,48 Tracks
22/03/07 (10:005),(N64) Royal Raceway,160.510046,No Items,Cartridge,150cc,48 Tracks
22/03/13 (10:006),(N64) Royal Raceway,158.7263,No Items,Cartridge,150cc,48 Tracks
22/03/15 (10:007),(N64) Royal Raceway,160.697717,No Items,Cartridge,150cc,48 Tracks
22/04/05 (10:008),(N64) Royal Raceway,159.962863,No Items,Cartridge,150cc,48 Tracks
22/04/19 (10:010),(N64) Royal Raceway,156.668743,No Items,Cartridge,150cc,48 Tracks
22/04/23 (10:011),(N64) Royal Raceway,154.742373,No Items,Cartridge,150cc,48 Tracks
22/06/06 (10:015),(N64) Royal Raceway,155.403139,No Items,Cartridge,150cc,48 Tracks
22/07/04 (10:019),(N64) Royal Raceway,155.926547,No Items,Cartridge,150cc,48 Tracks
22/02/20 (10:001),(3DS) DK Jungle,164.344255,No Items,Cartridge,150cc,48 Tracks
22/02/23 (10:002),(3DS) DK Jungle,162.88442,No Items,Cartridge,150cc,48 Tracks
22/02/25 (10:003),(3DS) DK Jungle,163.440124,No Items,Cartridge,150cc,48 Tracks
22/02/27 (10:004),(3DS) DK Jungle,162.759367,No Items,Cartridge,150cc,48 Tracks
22/03/07 (10:005),(3DS) DK Jungle,162.772123,No Items,Cartridge,150cc,48 Tracks
22/03/13 (10:006),(3DS) DK Jungle,162.889261,No Items,Cartridge,150cc,48 Tracks
22/03/15 (10:007),(3DS) DK Jungle,163.126188,No Items,Cartridge,150cc,48 Tracks
22/04/05 (10:008),(3DS) DK Jungle,162.931947,No Items,Cartridge,150cc,48 Tracks
22/04/19 (10:010),(3DS) DK Jungle,161.556728,No Items,Cartridge,150cc,48 Tracks
22/04/23 (10:011),(3DS) DK Jungle,160.57401,No Items,Cartridge,150cc,48 Tracks
22/06/06 (10:015),(3DS) DK Jungle,160.119758,No Items,Cartridge,150cc,48 Tracks
22/07/04 (10:019),(3DS) DK Jungle,160.823778,No Items,Cartridge,150cc,48 Tracks
22/02/20 (10:001),(DS) Wario Stadium,156.491577,No Items,Cartridge,150cc,48 Tracks
22/02/23 (10:002),(DS) Wario Stadium,156.922663,No Items,Cartridge,150cc,48 Tracks
22/02/25 (10:003),(DS) Wario Stadium,154.868037,No Items,Cartridge,150cc,48 Tracks
22/02/27 (10:004),(DS) Wario Stadium,154.808193,No Items,Cartridge,150cc,48 Tracks
22/03/07 (10:005),(DS) Wario Stadium,156.188419,No Items,Cartridge,150cc,48 Tracks
22/03/13 (10:006),(DS) Wario Stadium,153.367238,No Items,Cartridge,150cc,48 Tracks
22/03/15 (10:007),(DS) Wario Stadium,155.565768,No Items,Cartridge,150cc,48 Tracks
22/04/05 (10:008),(DS) Wario Stadium,154.948355,No Items,Cartridge,150cc,48 Tracks
22/04/19 (10:010),(DS) Wario Stadium,153.598095,No Items,Cartridge,150cc,48 Tracks
22/04/23 (10:011),(DS) Wario Stadium,151.832252,No Items,Cartridge,150cc,48 Tracks
22/06/06 (10:015),(DS) Wario Stadium,153.33971,No Items,Cartridge,150cc,48 Tracks
22/07/04 (10:019),(DS) Wario Stadium,152.890235,No Items,Cartridge,150cc,48 Tracks
22/02/20 (10:001),(GCN) Sherbet Land,154.951376,No Items,Cartridge,150cc,48 Tracks
22/02/23 (10:002),(GCN) Sherbet Land,153.832963,No Items,Cartridge,150cc,48 Tracks
22/02/25 (10:003),(GCN) Sherbet Land,152.786461,No Items,Cartridge,150cc,48 Tracks
22/02/27 (10:004),(GCN) Sherbet Land,152.975396,No Items,Cartridge,150cc,48 Tracks
22/03/07 (10:005),(GCN) Sherbet Land,153.398033,No Items,Cartridge,150cc,48 Tracks
22/03/13 (10:006),(GCN) Sherbet Land,152.509405,No Items,Cartridge,150cc,48 Tracks
22/03/15 (10:007),(GCN) Sherbet Land,153.098779,No Items,Cartridge,150cc,48 Tracks
22/04/05 (10:008),(GCN) Sherbet Land,151.240202,No Items,Cartridge,150cc,48 Tracks
22/04/19 (10:010),(GCN) Sherbet Land,155.330567,No Items,Cartridge,150cc,48 Tracks
22/04/23 (10:011),(GCN) Sherbet Land,150.118544,No Items,Cartridge,150cc,48 Tracks
22/06/06 (10:015),(GCN) Sherbet Land,148.80282,No Items,Cartridge,150cc,48 Tracks
22/07/04 (10:019),(GCN) Sherbet Land,147.227503,No Items,Cartridge,150cc,48 Tracks
22/02/20 (10:001),(3DS) Music Park,164.544925,No Items,Cartridge,150cc,48 Tracks
22/02/23 (10:002),(3DS) Music Park,160.024126,No Items,Cartridge,150cc,48 Tracks
22/02/25 (10:003),(3DS) Music Park,162.80524,No Items,Cartridge,150cc,48 Tracks
22/02/27 (10:004),(3DS) Music Park,162.113981,No Items,Cartridge,150cc,48 Tracks
22/03/07 (10:005),(3DS) Music Park,162.660408,No Items,Cartridge,150cc,48 Tracks
22/03/13 (10:006),(3DS) Music Park,160.855445,No Items,Cartridge,150cc,48 Tracks
22/03/15 (10:007),(3DS) Music Park,160.971467,No Items,Cartridge,150cc,48 Tracks
22/04/05 (10:008),(3DS) Music Park,161.445191,No Items,Cartridge,150cc,48 Tracks
22/04/19 (10:010),(3DS) Music Park,158.905684,No Items,Cartridge,150cc,48 Tracks
22/04/23 (10:011),(3DS) Music Park,158.123485,No Items,Cartridge,150cc,48 Tracks
22/06/06 (10:015),(3DS) Music Park,161.148409,No Items,Cartridge,150cc,48 Tracks
22/07/04 (10:019),(3DS) Music Park,157.670044,No Items,Cartridge,150cc,48 Tracks
22/02/20 (10:001),(N64) Yoshi Valley,164.439164,No Items,Cartridge,150cc,48 Tracks
22/02/23 (10:002),(N64) Yoshi Valley,159.941067,No Items,Cartridge,150cc,48 Tracks
22/02/25 (10:003),(N64) Yoshi Valley,159.387109,No Items,Cartridge,150cc,48 Tracks
22/02/27 (10:004),(N64) Yoshi Valley,158.676586,No Items,Cartridge,150cc,48 Tracks
22/03/07 (10:005),(N64) Yoshi Valley,159.515761,No Items,Cartridge,150cc,48 Tracks
22/03/13 (10:006),(N64) Yoshi Valley,158.459203,No Items,Cartridge,150cc,48 Tracks
22/03/15 (10:007),(N64) Yoshi Valley,159.672379,No Items,Cartridge,150cc,48 Tracks
22/04/05 (10:008),(N64) Yoshi Valley,160.045339,No Items,Cartridge,150cc,48 Tracks
22/04/19 (10:010),(N64) Yoshi Valley,161.590976,No Items,Cartridge,150cc,48 Tracks
22/04/23 (10:011),(N64) Yoshi Valley,157.834677,No Items,Cartridge,150cc,48 Tracks
22/06/06 (10:015),(N64) Yoshi Valley,157.478161,No Items,Cartridge,150cc,48 Tracks
22/07/04 (10:019),(N64) Yoshi Valley,157.575429,No Items,Cartridge,150cc,48 Tracks
22/02/20 (10:001),(DS) Tick-Tock Clock,149.037548,No Items,Cartridge,150cc,48 Tracks
22/02/23 (10:002),(DS) Tick-Tock Clock,150.634824,No Items,Cartridge,150cc,48 Tracks
22/02/25 (10:003),(DS) Tick-Tock Clock,148.822846,No Items,Cartridge,150cc,48 Tracks
22/02/27 (10:004),(DS) Tick-Tock Clock,149.994242,No Items,Cartridge,150cc,48 Tracks
22/03/07 (10:005),(DS) Tick-Tock Clock,150.650254,No Items,Cartridge,150cc,48 Tracks
22/03/13 (10:006),(DS) Tick-Tock Clock,148.547947,No Items,Cartridge,150cc,48 Tracks
22/03/15 (10:007),(DS) Tick-Tock Clock,147.175736,No Items,Cartridge,150cc,48 Tracks
22/04/05 (10:008),(DS) Tick-Tock Clock,147.792539,No Items,Cartridge,150cc,48 Tracks
22/04/19 (10:010),(DS) Tick-Tock Clock,147.69849,No Items,Cartridge,150cc,48 Tracks
22/04/23 (10:011),(DS) Tick-Tock Clock,144.809409,No Items,Cartridge,150cc,48 Tracks
22/06/06 (10:015),(DS) Tick-Tock Clock,143.066315,No Items,Cartridge,150cc,48 Tracks
22/07/04 (10:019),(DS) Tick-Tock Clock,143.897441,No Items,Cartridge,150cc,48 Tracks
22/02/20 (10:001),(3DS) Piranha Plant Slide,168.743371,No Items,Cartridge,150cc,48 Tracks
22/02/23 (10:002),(3DS) Piranha Plant Slide,168.230233,No Items,Cartridge,150cc,48 Tracks
22/02/25 (10:003),(3DS) Piranha Plant Slide,166.681417,No Items,Cartridge,150cc,48 Tracks
22/02/27 (10:004),(3DS) Piranha Plant Slide,165.757448,No Items,Cartridge,150cc,48 Tracks
22/03/07 (10:005),(3DS) Piranha Plant Slide,166.839582,No Items,Cartridge,150cc,48 Tracks
22/03/13 (10:006),(3DS) Piranha Plant Slide,164.841076,No Items,Cartridge,150cc,48 Tracks
22/03/15 (10:007),(3DS) Piranha Plant Slide,165.690072,No Items,Cartridge,150cc,48 Tracks
22/04/05 (10:008),(3DS) Piranha Plant Slide,165.79957,No Items,Cartridge,150cc,48 Tracks
22/04/19 (10:010),(3DS) Piranha Plant Slide,174.114143,No Items,Cartridge,150cc,48 Tracks
22/04/23 (10:011),(3DS) Piranha Plant Slide,163.698619,No Items,Cartridge,150cc,48 Tracks
22/06/06 (10:015),(3DS) Piranha Plant Slide,161.051275,No Items,Cartridge,150cc,48 Tracks
22/07/04 (10:019),(3DS) Piranha Plant Slide,161.289006,No Items,Cartridge,150cc,48 Tracks
22/02/20 (10:001),(Wii) Grumble Volcano,165.591011,No Items,Cartridge,150cc,48 Tracks
22/02/23 (10:002),(Wii) Grumble Volcano,157.443314,No Items,Cartridge,150cc,48 Tracks
22/02/25 (10:003),(Wii) Grumble Volcano,160.441939,No Items,Cartridge,150cc,48 Tracks
22/02/27 (10:004),(Wii) Grumble Volcano,157.698968,No Items,Cartridge,150cc,48 Tracks
22/03/07 (10:005),(Wii) Grumble Volcano,161.531834,No Items,Cartridge,150cc,48 Tracks
22/03/13 (10:006),(Wii) Grumble Volcano,157.125167,No Items,Cartridge,150cc,48 Tracks
22/03/15 (10:007),(Wii) Grumble Volcano,155.495077,No Items,Cartridge,150cc,48 Tracks
22/04/05 (10:008),(Wii) Grumble Volcano,155.3715,No Items,Cartridge,150cc,48 Tracks
22/04/19 (10:010),(Wii) Grumble Volcano,161.465673,No Items,Cartridge,150cc,48 Tracks
22/04/23 (10:011),(Wii) Grumble Volcano,158.53975,No Items,Cartridge,150cc,48 Tracks
22/06/06 (10:015),(Wii) Grumble Volcano,155.092286,No Items,Cartridge,150cc,48 Tracks
22/07/04 (10:019),(Wii) Grumble Volcano,154.026047,No Items,Cartridge,150cc,48 Tracks
22/02/20 (10:001),(N64) Rainbow Road,115.223934,No Items,Cartridge,150cc,48 Tracks
22/02/23 (10:002),(N64) Rainbow Road,114.479194,No Items,Cartridge,150cc,48 Tracks
22/02/25 (10:003),(N64) Rainbow Road,115.400926,No Items,Cartridge,150cc,48 Tracks
22/02/27 (10:004),(N64) Rainbow Road,114.422627,No Items,Cartridge,150cc,48 Tracks
22/03/07 (10:005),(N64) Rainbow Road,115.848314,No Items,Cartridge,150cc,48 Tracks
22/03/13 (10:006),(N64) Rainbow Road,114.525263,No Items,Cartridge,150cc,48 Tracks
22/03/15 (10:007),(N64) Rainbow Road,114.376168,No Items,Cartridge,150cc,48 Tracks
22/04/05 (10:008),(N64) Rainbow Road,114.420889,No Items,Cartridge,150cc,48 Tracks
22/04/19 (10:010),(N64) Rainbow Road,113.930347,No Items,Cartridge,150cc,48 Tracks
22/04/23 (10:011),(N64) Rainbow Road,112.780185,No Items,Cartridge,150cc,48 Tracks
22/06/06 (10:015),(N64) Rainbow Road,112.298465,No Items,Cartridge,150cc,48 Tracks
22/07/04 (10:019),(N64) Rainbow Road,113.205409,No Items,Cartridge,150cc,48 Tracks
22/02/20 (10:001),(GCN) Yoshi Circuit,153.590932,No Items,Cartridge,150cc,48 Tracks
22/02/23 (10:002),(GCN) Yoshi Circuit,155.689524,No Items,Cartridge,150cc,48 Tracks
22/02/25 (10:003),(GCN) Yoshi Circuit,152.302203,No Items,Cartridge,150cc,48 Tracks
22/02/27 (10:004),(GCN) Yoshi Circuit,152.283381,No Items,Cartridge,150cc,48 Tracks
22/03/07 (10:005),(GCN) Yoshi Circuit,157.017211,No Items,Cartridge,150cc,48 Tracks
22/03/13 (10:006),(GCN) Yoshi Circuit,149.893732,No Items,Cartridge,150cc,48 Tracks
22/03/15 (10:007),(GCN) Yoshi Circuit,148.960817,No Items,Cartridge,150cc,48 Tracks
22/04/05 (10:008),(GCN) Yoshi Circuit,148.893891,No Items,Cartridge,150cc,48 Tracks
22/04/19 (10:010),(GCN) Yoshi Circuit,147.419987,No Items,Cartridge,150cc,48 Tracks
22/04/23 (10:011),(GCN) Yoshi Circuit,145.622901,No Items,Cartridge,150cc,48 Tracks
22/06/06 (10:015),(GCN) Yoshi Circuit,146.908786,No Items,Cartridge,150cc,48 Tracks
22/07/04 (10:019),(GCN) Yoshi Circuit,146.851356,No Items,Cartridge,150cc,48 Tracks
22/02/20 (10:001),Excitebike Arena,144.011402,No Items,Cartridge,150cc,48 Tracks
22/02/23 (10:002),Excitebike Arena,146.904083,No Items,Cartridge,150cc,48 Tracks
22/02/25 (10:003),Excitebike Arena,142.50057,No Items,Cartridge,150cc,48 Tracks
22/02/27 (10:004),Excitebike Arena,144.696193,No Items,Cartridge,150cc,48 Tracks
22/03/07 (10:005),Excitebike Arena,147.077173,No Items,Cartridge,150cc,48 Tracks
22/03/13 (10:006),Excitebike Arena,142.221325,No Items,Cartridge,150cc,48 Tracks
22/03/15 (10:007),Excitebike Arena,142.72979,No Items,Cartridge,150cc,48 Tracks
22/04/05 (10:008),Excitebike Arena,141.994514,No Items,Cartridge,150cc,48 Tracks
22/04/19 (10:010),Excitebike Arena,143.376485,No Items,Cartridge,150cc,48 Tracks
22/04/23 (10:011),Excitebike Arena,140.217783,No Items,Cartridge,150cc,48 Tracks
22/06/06 (10:015),Excitebike Arena,143.205424,No Items,Cartridge,150cc,48 Tracks
22/07/04 (10:019),Excitebike Arena,141.983386,No Items,Cartridge,150cc,48 Tracks
22/02/20 (10:001),Dragon Driftway,150.729636,No Items,Cartridge,150cc,48 Tracks
22/02/23 (10:002),Dragon Driftway,150.115584,No Items,Cartridge,150cc,48 Tracks
22/02/25 (10:003),Dragon Driftway,149.192895,No Items,Cartridge,150cc,48 Tracks
22/02/27 (10:004),Dragon Driftway,147.463688,No Items,Cartridge,150cc,48 Tracks
22/03/07 (10:005),Dragon Driftway,147.772697,No Items,Cartridge,150cc,48 Tracks
22/03/13 (10:006),Dragon Driftway,148.308011,No Items,Cartridge,150cc,48 Tracks
22/03/15 (10:007),Dragon Driftway,148.796149,No Items,Cartridge,150cc,48 Tracks
22/04/05 (10:008),Dragon Driftway,145.646291,No Items,Cartridge,150cc,48 Tracks
22/04/19 (10:010),Dragon Driftway,146.332707,No Items,Cartridge,150cc,48 Tracks
22/04/23 (10:011),Dragon Driftway,145.608429,No Items,Cartridge,150cc,48 Tracks
22/06/06 (10:015),Dragon Driftway,146.587554,No Items,Cartridge,150cc,48 Tracks
22/07/04 (10:019),Dragon Driftway,141.899338,No Items,Cartridge,150cc,48 Tracks
22/02/20 (10:001),Mute City,154.681925,No Items,Cartridge,150cc,48 Tracks
22/02/23 (10:002),Mute City,156.073805,No Items,Cartridge,150cc,48 Tracks
22/02/25 (10:003),Mute City,153.924375,No Items,Cartridge,150cc,48 Tracks
22/02/27 (10:004),Mute City,153.185646,No Items,Cartridge,150cc,48 Tracks
22/03/07 (10:005),Mute City,153.958627,No Items,Cartridge,150cc,48 Tracks
22/03/13 (10:006),Mute City,152.317206,No Items,Cartridge,150cc,48 Tracks
22/03/15 (10:007),Mute City,152.196538,No Items,Cartridge,150cc,48 Tracks
22/04/05 (10:008),Mute City,153.801498,No Items,Cartridge,150cc,48 Tracks
22/04/19 (10:010),Mute City,153.080066,No Items,Cartridge,150cc,48 Tracks
22/04/23 (10:011),Mute City,153.846988,No Items,Cartridge,150cc,48 Tracks
22/06/06 (10:015),Mute City,153.095337,No Items,Cartridge,150cc,48 Tracks
22/07/04 (10:019),Mute City,154.313014,No Items,Cartridge,150cc,48 Tracks
22/02/20 (10:001),(Wii) Wario's Gold Mine,165.784551,No Items,Cartridge,150cc,48 Tracks
22/02/23 (10:002),(Wii) Wario's Gold Mine,161.421893,No Items,Cartridge,150cc,48 Tracks
22/02/25 (10:003),(Wii) Wario's Gold Mine,162.460105,No Items,Cartridge,150cc,48 Tracks
22/02/27 (10:004),(Wii) Wario's Gold Mine,162.674574,No Items,Cartridge,150cc,48 Tracks
22/03/07 (10:005),(Wii) Wario's Gold Mine,166.170951,No Items,Cartridge,150cc,48 Tracks
22/03/13 (10:006),(Wii) Wario's Gold Mine,162.037195,No Items,Cartridge,150cc,48 Tracks
22/03/15 (10:007),(Wii) Wario's Gold Mine,161.714666,No Items,Cartridge,150cc,48 Tracks
22/04/05 (10:008),(Wii) Wario's Gold Mine,162.215152,No Items,Cartridge,150cc,48 Tracks
22/04/19 (10:010),(Wii) Wario's Gold Mine,163.818393,No Items,Cartridge,150cc,48 Tracks
22/04/23 (10:011),(Wii) Wario's Gold Mine,159.659626,No Items,Cartridge,150cc,48 Tracks
22/06/06 (10:015),(Wii) Wario's Gold Mine,159.404893,No Items,Cartridge,150cc,48 Tracks
22/07/04 (10:019),(Wii) Wario's Gold Mine,157.723919,No Items,Cartridge,150cc,48 Tracks
22/02/20 (10:001),(SNES) Rainbow Road,132.169078,No Items,Cartridge,150cc,48 Tracks
22/02/23 (10:002),(SNES) Rainbow Road,130.298851,No Items,Cartridge,150cc,48 Tracks
22/02/25 (10:003),(SNES) Rainbow Road,131.944358,No Items,Cartridge,150cc,48 Tracks
22/02/27 (10:004),(SNES) Rainbow Road,131.924973,No Items,Cartridge,150cc,48 Tracks
22/03/07 (10:005),(SNES) Rainbow Road,130.215712,No Items,Cartridge,150cc,48 Tracks
22/03/13 (10:006),(SNES) Rainbow Road,126.730168,No Items,Cartridge,150cc,48 Tracks
22/03/15 (10:007),(SNES) Rainbow Road,125.118684,No Items,Cartridge,150cc,48 Tracks
22/04/05 (10:008),(SNES) Rainbow Road,125.663675,No Items,Cartridge,150cc,48 Tracks
22/04/19 (10:010),(SNES) Rainbow Road,132.564534,No Items,Cartridge,150cc,48 Tracks
22/04/23 (10:011),(SNES) Rainbow Road,123.990732,No Items,Cartridge,150cc,48 Tracks
22/06/06 (10:015),(SNES) Rainbow Road,127.416828,No Items,Cartridge,150cc,48 Tracks
22/07/04 (10:019),(SNES) Rainbow Road,121.671901,No Items,Cartridge,150cc,48 Tracks
22/02/20 (10:001),Ice Ice Outpost,155.047284,No Items,Cartridge,150cc,48 Tracks
22/02/23 (10:002),Ice Ice Outpost,150.956146,No Items,Cartridge,150cc,48 Tracks
22/02/25 (10:003),Ice Ice Outpost,153.11494,No Items,Cartridge,150cc,48 Tracks
22/02/27 (10:004),Ice Ice Outpost,149.54815,No Items,Cartridge,150cc,48 Tracks
22/03/07 (10:005),Ice Ice Outpost,149.946591,No Items,Cartridge,150cc,48 Tracks
22/03/13 (10:006),Ice Ice Outpost,159.413325,No Items,Cartridge,150cc,48 Tracks
22/03/15 (10:007),Ice Ice Outpost,145.293336,No Items,Cartridge,150cc,48 Tracks
22/04/05 (10:008),Ice Ice Outpost,155.170873,No Items,Cartridge,150cc,48 Tracks
22/04/23 (10:011),Ice Ice Outpost,143.262235,No Items,Cartridge,150cc,48 Tracks
22/06/06 (10:015),Ice Ice Outpost,147.455276,No Items,Cartridge,150cc,48 Tracks
22/07/04 (10:019),Ice Ice Outpost,141.209092,No Items,Cartridge,150cc,48 Tracks
22/02/20 (10:001),Hyrule Circuit,159.013127,No Items,Cartridge,150cc,48 Tracks
22/02/23 (10:002),Hyrule Circuit,154.894982,No Items,Cartridge,150cc,48 Tracks
22/02/25 (10:003),Hyrule Circuit,158.179388,No Items,Cartridge,150cc,48 Tracks
22/02/27 (10:004),Hyrule Circuit,152.740072,No Items,Cartridge,150cc,48 Tracks
22/03/07 (10:005),Hyrule Circuit,155.910499,No Items,Cartridge,150cc,48 Tracks
22/03/13 (10:006),Hyrule Circuit,153.786365,No Items,Cartridge,150cc,48 Tracks
22/03/15 (10:007),Hyrule Circuit,153.732011,No Items,Cartridge,150cc,48 Tracks
22/04/05 (10:008),Hyrule Circuit,152.489238,No Items,Cartridge,150cc,48 Tracks
22/04/23 (10:011),Hyrule Circuit,151.528328,No Items,Cartridge,150cc,48 Tracks
22/06/06 (10:015),Hyrule Circuit,153.172774,No Items,Cartridge,150cc,48 Tracks
22/07/04 (10:019),Hyrule Circuit,149.047812,No Items,Cartridge,150cc,48 Tracks
22/02/20 (10:001),(GCN) Baby Park,100.398827,No Items,Cartridge,150cc,48 Tracks
22/02/23 (10:002),(GCN) Baby Park,100.541546,No Items,Cartridge,150cc,48 Tracks
22/02/25 (10:003),(GCN) Baby Park,100.143356,No Items,Cartridge,150cc,48 Tracks
22/02/27 (10:004),(GCN) Baby Park,99.873601,No Items,Cartridge,150cc,48 Tracks
22/03/07 (10:005),(GCN) Baby Park,101.615072,No Items,Cartridge,150cc,48 Tracks
22/03/13 (10:006),(GCN) Baby Park,100.190351,No Items,Cartridge,150cc,48 Tracks
22/03/15 (10:007),(GCN) Baby Park,98.240808,No Items,Cartridge,150cc,48 Tracks
22/04/05 (10:008),(GCN) Baby Park,99.418181,No Items,Cartridge,150cc,48 Tracks
22/04/23 (10:011),(GCN) Baby Park,97.933483,No Items,Cartridge,150cc,48 Tracks
22/06/06 (10:015),(GCN) Baby Park,98.157097,No Items,Cartridge,150cc,48 Tracks
22/07/04 (10:019),(GCN) Baby Park,98.575165,No Items,Cartridge,150cc,48 Tracks
22/02/20 (10:001),(GBA) Cheese Land,153.680178,No Items,Cartridge,150cc,48 Tracks
22/02/23 (10:002),(GBA) Cheese Land,155.590245,No Items,Cartridge,150cc,48 Tracks
22/02/25 (10:003),(GBA) Cheese Land,156.55129,No Items,Cartridge,150cc,48 Tracks
22/02/27 (10:004),(GBA) Cheese Land,151.331631,No Items,Cartridge,150cc,48 Tracks
22/03/07 (10:005),(GBA) Cheese Land,159.751539,No Items,Cartridge,150cc,48 Tracks
22/03/13 (10:006),(GBA) Cheese Land,152.295694,No Items,Cartridge,150cc,48 Tracks
22/03/15 (10:007),(GBA) Cheese Land,151.186991,No Items,Cartridge,150cc,48 Tracks
22/04/05 (10:008),(GBA) Cheese Land,153.031372,No Items,Cartridge,150cc,48 Tracks
22/04/23 (10:011),(GBA) Cheese Land,151.863422,No Items,Cartridge,150cc,48 Tracks
22/06/06 (10:015),(GBA) Cheese Land,147.682581,No Items,Cartridge,150cc,48 Tracks
22/07/04 (10:019),(GBA) Cheese Land,147.683696,No Items,Cartridge,150cc,48 Tracks
22/02/20 (10:001),Wild Woods,149.589325,No Items,Cartridge,150cc,48 Tracks
22/02/23 (10:002),Wild Woods,147.211846,No Items,Cartridge,150cc,48 Tracks
22/02/25 (10:003),Wild Woods,147.348935,No Items,Cartridge,150cc,48 Tracks
22/02/27 (10:004),Wild Woods,147.263528,No Items,Cartridge,150cc,48 Tracks
22/03/07 (10:005),Wild Woods,150.314395,No Items,Cartridge,150cc,48 Tracks
22/03/13 (10:006),Wild Woods,145.860022,No Items,Cartridge,150cc,48 Tracks
22/03/15 (10:007),Wild Woods,145.38876,No Items,Cartridge,150cc,48 Tracks
22/04/05 (10:008),Wild Woods,146.153794,No Items,Cartridge,150cc,48 Tracks
22/04/23 (10:011),Wild Woods,143.767861,No Items,Cartridge,150cc,48 Tracks
22/06/06 (10:015),Wild Woods,142.907674,No Items,Cartridge,150cc,48 Tracks
22/07/04 (10:019),Wild Woods,143.131647,No Items,Cartridge,150cc,48 Tracks
22/02/20 (10:001),Animal Crossing,141.58765,No Items,Cartridge,150cc,48 Tracks
22/02/23 (10:002),Animal Crossing,140.698227,No Items,Cartridge,150cc,48 Tracks
22/02/25 (10:003),Animal Crossing,140.426425,No Items,Cartridge,150cc,48 Tracks
22/02/27 (10:004),Animal Crossing,149.969452,No Items,Cartridge,150cc,48 Tracks
22/03/07 (10:005),Animal Crossing,151.124783,No Items,Cartridge,150cc,48 Tracks
22/03/13 (10:006),Animal Crossing,149.179354,No Items,Cartridge,150cc,48 Tracks
22/03/15 (10:007),Animal Crossing,138.997212,No Items,Cartridge,150cc,48 Tracks
22/04/05 (10:008),Animal Crossing,141.226077,No Items,Cartridge,150cc,48 Tracks
22/04/23 (10:011),Animal Crossing,136.135685,No Items,Cartridge,150cc,48 Tracks
22/06/06 (10:015),Animal Crossing,137.162244,No Items,Cartridge,150cc,48 Tracks
22/07/04 (10:019),Animal Crossing,144.785581,No Items,Cartridge,150cc,48 Tracks
22/02/20 (10:001),(3DS) Neo Bowser City,155.19508,No Items,Cartridge,150cc,48 Tracks
22/02/23 (10:002),(3DS) Neo Bowser City,157.254215,No Items,Cartridge,150cc,48 Tracks
22/02/25 (10:003),(3DS) Neo Bowser City,151.322002,No Items,Cartridge,150cc,48 Tracks
22/02/27 (10:004),(3DS) Neo Bowser City,160.123023,No Items,Cartridge,150cc,48 Tracks
22/03/07 (10:005),(3DS) Neo Bowser City,154.923619,No Items,Cartridge,150cc,48 Tracks
22/03/13 (10:006),(3DS) Neo Bowser City,152.390326,No Items,Cartridge,150cc,48 Tracks
22/03/15 (10:007),(3DS) Neo Bowser City,152.111509,No Items,Cartridge,150cc,48 Tracks
22/04/05 (10:008),(3DS) Neo Bowser City,156.008113,No Items,Cartridge,150cc,48 Tracks
22/04/23 (10:011),(3DS) Neo Bowser City,148.985739,No Items,Cartridge,150cc,48 Tracks
22/06/06 (10:015),(3DS) Neo Bowser City,148.761418,No Items,Cartridge,150cc,48 Tracks
22/07/04 (10:019),(3DS) Neo Bowser City,147.442427,No Items,Cartridge,150cc,48 Tracks
22/02/20 (10:001),(GBA) Ribbon Road,152.211289,No Items,Cartridge,150cc,48 Tracks
22/02/23 (10:002),(GBA) Ribbon Road,159.657399,No Items,Cartridge,150cc,48 Tracks
22/02/25 (10:003),(GBA) Ribbon Road,154.454741,No Items,Cartridge,150cc,48 Tracks
22/02/27 (10:004),(GBA) Ribbon Road,153.347926,No Items,Cartridge,150cc,48 Tracks
22/03/07 (10:005),(GBA) Ribbon Road,151.513068,No Items,Cartridge,150cc,48 Tracks
22/03/13 (10:006),(GBA) Ribbon Road,157.805841,No Items,Cartridge,150cc,48 Tracks
22/03/15 (10:007),(GBA) Ribbon Road,152.865437,No Items,Cartridge,150cc,48 Tracks
22/04/05 (10:008),(GBA) Ribbon Road,164.007447,No Items,Cartridge,150cc,48 Tracks
22/04/23 (10:011),(GBA) Ribbon Road,152.936685,No Items,Cartridge,150cc,48 Tracks
22/06/06 (10:015),(GBA) Ribbon Road,150.949969,No Items,Cartridge,150cc,48 Tracks
22/07/04 (10:019),(GBA) Ribbon Road,156.437612,No Items,Cartridge,150cc,48 Tracks
22/02/20 (10:001),Super Bell Subway,150.948953,No Items,Cartridge,150cc,48 Tracks
22/02/23 (10:002),Super Bell Subway,153.222309,No Items,Cartridge,150cc,48 Tracks
22/02/25 (10:003),Super Bell Subway,150.494336,No Items,Cartridge,150cc,48 Tracks
22/02/27 (10:004),Super Bell Subway,151.435094,No Items,Cartridge,150cc,48 Tracks
22/03/07 (10:005),Super Bell Subway,151.525293,No Items,Cartridge,150cc,48 Tracks
22/03/13 (10:006),Super Bell Subway,149.490101,No Items,Cartridge,150cc,48 Tracks
22/03/15 (10:007),Super Bell Subway,147.207423,No Items,Cartridge,150cc,48 Tracks
22/04/05 (10:008),Super Bell Subway,149.818978,No Items,Cartridge,150cc,48 Tracks
22/04/23 (10:011),Super Bell Subway,144.714203,No Items,Cartridge,150cc,48 Tracks
22/06/06 (10:015),Super Bell Subway,145.723778,No Items,Cartridge,150cc,48 Tracks
22/07/04 (10:019),Super Bell Subway,143.868168,No Items,Cartridge,150cc,48 Tracks
22/02/20 (10:001),Big Blue,123.584329,No Items,Cartridge,150cc,48 Tracks
22/02/23 (10:002),Big Blue,123.354154,No Items,Cartridge,150cc,48 Tracks
22/02/25 (10:003),Big Blue,124.102337,No Items,Cartridge,150cc,48 Tracks
22/02/27 (10:004),Big Blue,121.776376,No Items,Cartridge,150cc,48 Tracks
22/03/07 (10:005),Big Blue,123.0236,No Items,Cartridge,150cc,48 Tracks
22/03/13 (10:006),Big Blue,121.612634,No Items,Cartridge,150cc,48 Tracks
22/03/15 (10:007),Big Blue,122.13495,No Items,Cartridge,150cc,48 Tracks
22/04/05 (10:008),Big Blue,123.024019,No Items,Cartridge,150cc,48 Tracks
22/04/23 (10:011),Big Blue,120.758905,No Items,Cartridge,150cc,48 Tracks
22/06/06 (10:015),Big Blue,120.142154,No Items,Cartridge,150cc,48 Tracks
22/07/04 (10:019),Big Blue,120.423851,No Items,Cartridge,150cc,48 Tracks
22/04/20 (11:001),dBP,94.241693,150cc,Cartridge,Crossing Cup,Bonus Cups
22/04/20 (11:002),dBP,93.502763,150cc,Cartridge,Crossing Cup,Bonus Cups
22/04/21 (11:003),dBP,94.583504,150cc,Cartridge,Crossing Cup,Bonus Cups
22/04/21 (11:004),dBP,93.61796,150cc,Cartridge,Crossing Cup,Bonus Cups
22/08/22 (11:005),dBP,94.143228,150cc,Cartridge,Crossing Cup,Bonus Cups
22/08/22 (11:006),dBP,94.532022,150cc,Cartridge,Crossing Cup,Bonus Cups
22/08/23 (11:007),dBP,94.796098,150cc,Cartridge,Crossing Cup,Bonus Cups
22/08/23 (11:008),dBP,93.6956,150cc,Cartridge,Crossing Cup,Bonus Cups
22/08/24 (11:009),dBP,93.886214,150cc,Cartridge,Crossing Cup,Bonus Cups
22/08/24 (11:010),dBP,94.013672,150cc,Cartridge,Crossing Cup,Bonus Cups
22/08/24 (11:011),dBP,93.133581,150cc,Cartridge,Crossing Cup,Bonus Cups
22/04/20 (11:001),dCL,149.456338,150cc,Cartridge,Crossing Cup,Bonus Cups
22/04/20 (11:002),dCL,147.068993,150cc,Cartridge,Crossing Cup,Bonus Cups
22/04/21 (11:003),dCL,150.030626,150cc,Cartridge,Crossing Cup,Bonus Cups
22/04/21 (11:004),dCL,146.80251,150cc,Cartridge,Crossing Cup,Bonus Cups
22/08/22 (11:006),dCL,144.882292,150cc,Cartridge,Crossing Cup,Bonus Cups
22/08/23 (11:007),dCL,147.910516,150cc,Cartridge,Crossing Cup,Bonus Cups
22/08/23 (11:008),dCL,145.669467,150cc,Cartridge,Crossing Cup,Bonus Cups
22/08/24 (11:009),dCL,143.129637,150cc,Cartridge,Crossing Cup,Bonus Cups
22/08/24 (11:010),dCL,144.98319,150cc,Cartridge,Crossing Cup,Bonus Cups
22/08/24 (11:011),dCL,143.863525,150cc,Cartridge,Crossing Cup,Bonus Cups
22/04/20 (11:001),dWW,143.917456,150cc,Cartridge,Crossing Cup,Bonus Cups
22/04/20 (11:002),dWW,144.23161,150cc,Cartridge,Crossing Cup,Bonus Cups
22/04/21 (11:003),dWW,143.677649,150cc,Cartridge,Crossing Cup,Bonus Cups
22/04/21 (11:004),dWW,143.834244,150cc,Cartridge,Crossing Cup,Bonus Cups
22/08/22 (11:006),dWW,141.336973,150cc,Cartridge,Crossing Cup,Bonus Cups
22/08/23 (11:008),dWW,141.25687,150cc,Cartridge,Crossing Cup,Bonus Cups
22/08/24 (11:010),dWW,141.948177,150cc,Cartridge,Crossing Cup,Bonus Cups
22/08/24 (11:011),dWW,142.651449,150cc,Cartridge,Crossing Cup,Bonus Cups
(11:000),dAC,137.383722,150cc,Cartridge,Crossing Cup,Bonus Cups
22/04/20 (11:001),dAC,136.216101,150cc,Cartridge,Crossing Cup,Bonus Cups
22/04/20 (11:002),dAC,136.389997,150cc,Cartridge,Crossing Cup,Bonus Cups
22/04/21 (11:003),dAC,136.53026,150cc,Cartridge,Crossing Cup,Bonus Cups
22/04/21 (11:004),dAC,136.678754,150cc,Cartridge,Crossing Cup,Bonus Cups
22/08/22 (11:006),dAC,137.383724,150cc,Cartridge,Crossing Cup,Bonus Cups
22/08/23 (11:008),dAC,137.549936,150cc,Cartridge,Crossing Cup,Bonus Cups
22/08/24 (11:010),dAC,135.751321,150cc,Cartridge,Crossing Cup,Bonus Cups
22/08/24 (11:011),dAC,135.816032,150cc,Cartridge,Crossing Cup,Bonus Cups
22/08/24 (12:001),bSS,153.470954,150cc,Cartridge,Propeller Cup,DLC Cups
22/08/24 (12:002),bSS,154.828259,150cc,Cartridge,Propeller Cup,DLC Cups
22/08/24 (12:003),bSS,154.506198,150cc,Cartridge,Propeller Cup,DLC Cups
22/08/24 (12:004),bSS,154.938278,150cc,Cartridge,Propeller Cup,DLC Cups
22/08/24 (12:005),bSS,152.800812,150cc,Cartridge,Propeller Cup,DLC Cups
22/08/24 (12:001),bSL,131.622552,150cc,Cartridge,Propeller Cup,DLC Cups
22/08/24 (12:003),bSL,130.824562,150cc,Cartridge,Propeller Cup,DLC Cups
22/08/24 (12:005),bSL,130.131591,150cc,Cartridge,Propeller Cup,DLC Cups
22/08/24 (12:001),bMG,132.42637,150cc,Cartridge,Propeller Cup,DLC Cups
22/08/24 (12:003),bMG,134.362952,150cc,Cartridge,Propeller Cup,DLC Cups
22/08/24 (12:005),bMG,132.919401,150cc,Cartridge,Propeller Cup,DLC Cups
22/08/24 (12:001),bSHS,151.559601,150cc,Cartridge,Propeller Cup,DLC Cups
22/08/24 (12:003),bSHS,151.253612,150cc,Cartridge,Propeller Cup,DLC Cups
22/08/24 (12:005),bSHS,148.300273,150cc,Cartridge,Propeller Cup,DLC Cups
22/04/22 (13:001),rMMM,113.818367,150cc,Cartridge,Shell Cup,Retro Cups
22/04/22 (13:002),rMMM,118.028819,150cc,Cartridge,Shell Cup,Retro Cups
22/04/22 (13:003),rMMM,114.797797,150cc,Cartridge,Shell Cup,Retro Cups
22/04/22 (13:004),rMMM,114.845055,150cc,Cartridge,Shell Cup,Retro Cups
22/04/23 (13:005),rMMM,114.075277,150cc,Cartridge,Shell Cup,Retro Cups
22/04/23 (13:007),rMMM,113.718978,150cc,Cartridge,Shell Cup,Retro Cups
22/08/20 (13:008),rMMM,115.709518,150cc,Cartridge,Shell Cup,Retro Cups
22/08/20 (13:009),rMMM,113.755884,150cc,Cartridge,Shell Cup,Retro Cups
22/08/20 (13:010),rMMM,113.915801,150cc,Cartridge,Shell Cup,Retro Cups
22/08/20 (13:011),rMMM,112.879737,150cc,Cartridge,Shell Cup,Retro Cups
22/08/20 (13:012),rMMM,114.541604,150cc,Cartridge,Shell Cup,Retro Cups
22/08/20 (13:014),rMMM,113.579632,150cc,Cartridge,Shell Cup,Retro Cups
22/08/20 (13:015),rMMM,114.955836,150cc,Cartridge,Shell Cup,Retro Cups
22/08/20 (13:016),rMMM,115.197555,150cc,Cartridge,Shell Cup,Retro Cups
22/08/20 (13:017),rMMM,114.349538,150cc,Cartridge,Shell Cup,Retro Cups
22/08/20 (13:018),rMMM,113.595044,150cc,Cartridge,Shell Cup,Retro Cups
22/08/20 (13:019),rMMM,114.329115,150cc,Cartridge,Shell Cup,Retro Cups
22/08/20 (13:020),rMMM,114.972916,150cc,Cartridge,Shell Cup,Retro Cups
22/08/20 (13:021),rMMM,113.676819,150cc,Cartridge,Shell Cup,Retro Cups
22/08/24 (13:023),rMMM,112.669469,150cc,Cartridge,Shell Cup,Retro Cups
22/04/22 (13:001),rMC,123.038361,150cc,Cartridge,Shell Cup,Retro Cups
22/04/22 (13:003),rMC,120.632088,150cc,Cartridge,Shell Cup,Retro Cups
22/04/22 (13:004),rMC,124.231916,150cc,Cartridge,Shell Cup,Retro Cups
22/04/23 (13:007),rMC,121.591889,150cc,Cartridge,Shell Cup,Retro Cups
22/08/20 (13:009),rMC,120.952416,150cc,Cartridge,Shell Cup,Retro Cups
22/08/20 (13:010),rMC,121.912592,150cc,Cartridge,Shell Cup,Retro Cups
22/08/20 (13:014),rMC,121.480545,150cc,Cartridge,Shell Cup,Retro Cups
22/08/20 (13:015),rMC,120.375647,150cc,Cartridge,Shell Cup,Retro Cups
22/08/20 (13:016),rMC,120.711357,150cc,Cartridge,Shell Cup,Retro Cups
22/08/20 (13:017),rMC,120.423484,150cc,Cartridge,Shell Cup,Retro Cups
22/08/20 (13:018),rMC,119.577902,150cc,Cartridge,Shell Cup,Retro Cups
22/08/20 (13:020),rMC,119.943707,150cc,Cartridge,Shell Cup,Retro Cups
22/08/20 (13:021),rMC,121.175913,150cc,Cartridge,Shell Cup,Retro Cups
22/08/24 (13:023),rMC,121.048709,150cc,Cartridge,Shell Cup,Retro Cups
(13:000),rCCB,143.580319,150cc,Cartridge,Shell Cup,Retro Cups
22/04/22 (13:001),rCCB,144.962075,150cc,Cartridge,Shell Cup,Retro Cups
22/04/22 (13:003),rCCB,148.654888,150cc,Cartridge,Shell Cup,Retro Cups
22/04/22 (13:004),rCCB,145.535295,150cc,Cartridge,Shell Cup,Retro Cups
22/04/23 (13:007),rCCB,145.690757,150cc,Cartridge,Shell Cup,Retro Cups
22/08/20 (13:009),rCCB,144.666606,150cc,Cartridge,Shell Cup,Retro Cups
22/08/20 (13:014),rCCB,143.948175,150cc,Cartridge,Shell Cup,Retro Cups
22/08/20 (13:015),rCCB,144.02988,150cc,Cartridge,Shell Cup,Retro Cups
22/08/20 (13:017),rCCB,143.580319,150cc,Cartridge,Shell Cup,Retro Cups
22/08/20 (13:021),rCCB,145.132696,150cc,Cartridge,Shell Cup,Retro Cups
22/08/24 (13:023),rCCB,144.394415,150cc,Cartridge,Shell Cup,Retro Cups
(13:000),rTT,140.422534,150cc,Cartridge,Shell Cup,Retro Cups
22/04/22 (13:001),rTT,154.10848,150cc,Cartridge,Shell Cup,Retro Cups
22/04/22 (13:003),rTT,142.690604,150cc,Cartridge,Shell Cup,Retro Cups
22/04/22 (13:004),rTT,148.608501,150cc,Cartridge,Shell Cup,Retro Cups
22/04/23 (13:007),rTT,142.538119,150cc,Cartridge,Shell Cup,Retro Cups
22/08/20 (13:009),rTT,141.00005,150cc,Cartridge,Shell Cup,Retro Cups
22/08/20 (13:014),rTT,143.11191,150cc,Cartridge,Shell Cup,Retro Cups
22/08/20 (13:015),rTT,139.84531,150cc,Cartridge,Shell Cup,Retro Cups
22/08/20 (13:017),rTT,140.422533,150cc,Cartridge,Shell Cup,Retro Cups
22/08/24 (13:023),rTT,139.799406,150cc,Cartridge,Shell Cup,Retro Cups
22/04/15 (14:001),dYC,146.179,150cc,Cartridge,Egg Cup,Bonus Cups
22/04/15 (14:002),dYC,142.562999,150cc,Cartridge,Egg Cup,Bonus Cups
22/04/20 (14:003),dYC,146.091211,150cc,Cartridge,Egg Cup,Bonus Cups
22/04/20 (14:004),dYC,145.220909,150cc,Cartridge,Egg Cup,Bonus Cups
22/04/20 (14:006),dYC,142.647291,150cc,Cartridge,Egg Cup,Bonus Cups
22/04/21 (14:009),dYC,142.376718,150cc,Cartridge,Egg Cup,Bonus Cups
22/04/21 (14:010),dYC,143.774258,150cc,Cartridge,Egg Cup,Bonus Cups
22/07/25 (14:011),dYC,142.651601,150cc,Cartridge,Egg Cup,Bonus Cups
22/07/25 (14:012),dYC,141.977624,150cc,Cartridge,Egg Cup,Bonus Cups
22/07/25 (14:013),dYC,142.314706,150cc,Cartridge,Egg Cup,Bonus Cups
22/07/25 (14:014),dYC,140.410917,150cc,Cartridge,Egg Cup,Bonus Cups
22/08/20 (14:017),dYC,142.827125,150cc,Cartridge,Egg Cup,Bonus Cups
22/08/20 (14:018),dYC,142.620339,150cc,Cartridge,Egg Cup,Bonus Cups
22/08/20 (14:019),dYC,140.095984,150cc,Cartridge,Egg Cup,Bonus Cups
22/04/15 (14:001),dEA,140.364,150cc,Cartridge,Egg Cup,Bonus Cups
22/04/15 (14:002),dEA,139.597,150cc,Cartridge,Egg Cup,Bonus Cups
22/04/20 (14:003),dEA,140.597844,150cc,Cartridge,Egg Cup,Bonus Cups
22/04/20 (14:004),dEA,140.430968,150cc,Cartridge,Egg Cup,Bonus Cups
22/04/20 (14:006),dEA,140.552256,150cc,Cartridge,Egg Cup,Bonus Cups
22/04/21 (14:009),dEA,138.601712,150cc,Cartridge,Egg Cup,Bonus Cups
22/07/25 (14:011),dEA,138.102472,150cc,Cartridge,Egg Cup,Bonus Cups
22/07/25 (14:012),dEA,140.679604,150cc,Cartridge,Egg Cup,Bonus Cups
22/07/25 (14:013),dEA,138.568496,150cc,Cartridge,Egg Cup,Bonus Cups
22/07/25 (14:014),dEA,139.239012,150cc,Cartridge,Egg Cup,Bonus Cups
22/08/20 (14:017),dEA,140.4725,150cc,Cartridge,Egg Cup,Bonus Cups
22/08/20 (14:018),dEA,138.454656,150cc,Cartridge,Egg Cup,Bonus Cups
22/08/20 (14:019),dEA,138.914822,150cc,Cartridge,Egg Cup,Bonus Cups
22/04/15 (14:001),dDD,144.403,150cc,Cartridge,Egg Cup,Bonus Cups
22/04/15 (14:002),dDD,146.147,150cc,Cartridge,Egg Cup,Bonus Cups
22/04/20 (14:003),dDD,145.227032,150cc,Cartridge,Egg Cup,Bonus Cups
22/04/20 (14:004),dDD,145.606299,150cc,Cartridge,Egg Cup,Bonus Cups
22/04/20 (14:006),dDD,144.793597,150cc,Cartridge,Egg Cup,Bonus Cups
22/04/21 (14:009),dDD,144.042425,150cc,Cartridge,Egg Cup,Bonus Cups
22/07/25 (14:011),dDD,146.317609,150cc,Cartridge,Egg Cup,Bonus Cups
22/08/20 (14:019),dDD,141.867796,150cc,Cartridge,Egg Cup,Bonus Cups
(14:000),dMC,151.726001,150cc,Cartridge,Egg Cup,Bonus Cups
22/04/15 (14:001),dMC,156.621999,150cc,Cartridge,Egg Cup,Bonus Cups
22/04/15 (14:002),dMC,151.726,150cc,Cartridge,Egg Cup,Bonus Cups
22/04/20 (14:003),dMC,163.059196,150cc,Cartridge,Egg Cup,Bonus Cups
22/04/20 (14:004),dMC,157.50986,150cc,Cartridge,Egg Cup,Bonus Cups
22/04/20 (14:006),dMC,151.798643,150cc,Cartridge,Egg Cup,Bonus Cups
22/04/21 (14:009),dMC,151.526923,150cc,Cartridge,Egg Cup,Bonus Cups
22/08/20 (14:019),dMC,146.327593,150cc,Cartridge,Egg Cup,Bonus Cups
22/04/13 (15:001),dWGM,157.088999,150cc,Cartridge,Triforce Cup,Bonus Cups
22/04/15 (15:002),dWGM,157.490999,150cc,Cartridge,Triforce Cup,Bonus Cups
22/08/22 (15:003),dWGM,153.1788,150cc,Cartridge,Triforce Cup,Bonus Cups
22/08/22 (15:004),dWGM,153.69089,150cc,Cartridge,Triforce Cup,Bonus Cups
22/08/22 (15:006),dWGM,152.475126,150cc,Cartridge,Triforce Cup,Bonus Cups
22/08/22 (15:007),dWGM,153.435861,150cc,Cartridge,Triforce Cup,Bonus Cups
22/08/26 (15:009),dWGM,152.410734,150cc,Cartridge,Triforce Cup,Bonus Cups
22/08/28 (15:010),dWGM,154.18701,150cc,Cartridge,Triforce Cup,Bonus Cups
22/08/28 (15:011),dWGM,153.016074,150cc,Cartridge,Triforce Cup,Bonus Cups
22/08/28 (15:012),dWGM,152.155571,150cc,Cartridge,Triforce Cup,Bonus Cups
22/04/13 (15:001),dRR,120.003,150cc,Cartridge,Triforce Cup,Bonus Cups
22/04/15 (15:002),dRR,120.188,150cc,Cartridge,Triforce Cup,Bonus Cups
22/08/22 (15:006),dRR,120.27989,150cc,Cartridge,Triforce Cup,Bonus Cups
22/08/22 (15:007),dRR,119.342181,150cc,Cartridge,Triforce Cup,Bonus Cups
22/08/26 (15:009),dRR,118.978963,150cc,Cartridge,Triforce Cup,Bonus Cups
22/08/28 (15:012),dRR,119.720243,150cc,Cartridge,Triforce Cup,Bonus Cups
(15:000),dIIO,142.538001,150cc,Cartridge,Triforce Cup,Bonus Cups
22/04/13 (15:001),dIIO,142.538,150cc,Cartridge,Triforce Cup,Bonus Cups
22/04/15 (15:002),dIIO,144.548,150cc,Cartridge,Triforce Cup,Bonus Cups
22/08/22 (15:007),dIIO,142.132885,150cc,Cartridge,Triforce Cup,Bonus Cups
22/08/26 (15:009),dIIO,142.009362,150cc,Cartridge,Triforce Cup,Bonus Cups
22/04/13 (15:001),dHC,150.756999,150cc,Cartridge,Triforce Cup,Bonus Cups
22/04/15 (15:002),dHC,150.541,150cc,Cartridge,Triforce Cup,Bonus Cups
22/08/22 (15:007),dHC,151.302471,150cc,Cartridge,Triforce Cup,Bonus Cups
22/08/26 (15:009),dHC,151.111974,150cc,Cartridge,Triforce Cup,Bonus Cups
22/05/28 (16:001),rDDD,159.114693,150cc,Cartridge,Banana Cup,Retro Cups
22/07/24 (16:002),rDDD,156.588484,150cc,Cartridge,Banana Cup,Retro Cups
22/08/20 (16:003),rDDD,155.501489,150cc,Cartridge,Banana Cup,Retro Cups
22/08/20 (16:005),rDDD,156.489715,150cc,Cartridge,Banana Cup,Retro Cups
22/08/20 (16:007),rDDD,157.643786,150cc,Cartridge,Banana Cup,Retro Cups
22/08/20 (16:008),rDDD,155.911558,150cc,Cartridge,Banana Cup,Retro Cups
22/08/20 (16:011),rDDD,156.730544,150cc,Cartridge,Banana Cup,Retro Cups
22/08/20 (16:013),rDDD,155.175434,150cc,Cartridge,Banana Cup,Retro Cups
22/05/28 (16:001),rDP3,114.118124,150cc,Cartridge,Banana Cup,Retro Cups
22/07/24 (16:002),rDP3,115.11207,150cc,Cartridge,Banana Cup,Retro Cups
22/08/20 (16:005),rDP3,112.872911,150cc,Cartridge,Banana Cup,Retro Cups
22/08/20 (16:013),rDP3,112.572127,150cc,Cartridge,Banana Cup,Retro Cups
22/05/28 (16:001),rRRy,155.164259,150cc,Cartridge,Banana Cup,Retro Cups
22/07/24 (16:002),rRRy,154.87528,150cc,Cartridge,Banana Cup,Retro Cups
22/08/20 (16:005),rRRy,155.401749,150cc,Cartridge,Banana Cup,Retro Cups
22/08/20 (16:013),rRRy,153.545914,150cc,Cartridge,Banana Cup,Retro Cups
22/05/28 (16:001),rDKJ,159.764482,150cc,Cartridge,Banana Cup,Retro Cups
22/07/24 (16:002),rDKJ,160.246313,150cc,Cartridge,Banana Cup,Retro Cups
22/08/20 (16:005),rDKJ,160.518708,150cc,Cartridge,Banana Cup,Retro Cups
22/08/20 (16:013),rDKJ,159.364505,150cc,Cartridge,Banana Cup,Retro Cups
22/05/28 (17:001),rTTC,143.754722,150cc,Cartridge,Lightning Cup,Retro Cups
22/05/28 (17:002),rTTC,139.051969,150cc,Cartridge,Lightning Cup,Retro Cups
22/05/28 (17:003),rTTC,138.856063,150cc,Cartridge,Lightning Cup,Retro Cups
22/05/28 (17:005),rTTC,139.328643,150cc,Cartridge,Lightning Cup,Retro Cups
22/08/28 (17:006),rTTC,137.311021,150cc,Cartridge,Lightning Cup,Retro Cups
22/08/28 (17:007),rTTC,138.702979,150cc,Cartridge,Lightning Cup,Retro Cups
22/05/28 (17:001),rPPS,161.605479,150cc,Cartridge,Lightning Cup,Retro Cups
22/05/28 (17:002),rPPS,158.086442,150cc,Cartridge,Lightning Cup,Retro Cups
22/05/28 (17:005),rPPS,158.930008,150cc,Cartridge,Lightning Cup,Retro Cups
22/08/28 (17:006),rPPS,160.135719,150cc,Cartridge,Lightning Cup,Retro Cups
22/08/28 (17:007),rPPS,158.229338,150cc,Cartridge,Lightning Cup,Retro Cups
(17:000),rGV,154.028403,150cc,Cartridge,Lightning Cup,Retro Cups
22/05/28 (17:001),rGV,154.028891,150cc,Cartridge,Lightning Cup,Retro Cups
22/05/28 (17:002),rGV,154.298845,150cc,Cartridge,Lightning Cup,Retro Cups
22/05/28 (17:005),rGV,156.618637,150cc,Cartridge,Lightning Cup,Retro Cups
22/08/28 (17:006),rGV,154.028403,150cc,Cartridge,Lightning Cup,Retro Cups
22/08/28 (17:007),rGV,152.882021,150cc,Cartridge,Lightning Cup,Retro Cups
(17:000),rRRd,111.402489,150cc,Cartridge,Lightning Cup,Retro Cups
22/05/28 (17:001),rRRd,112.35865,150cc,Cartridge,Lightning Cup,Retro Cups
22/05/28 (17:002),rRRd,112.407361,150cc,Cartridge,Lightning Cup,Retro Cups
22/05/28 (17:005),rRRd,111.672921,150cc,Cartridge,Lightning Cup,Retro Cups
22/08/28 (17:006),rRRd,111.402489,150cc,Cartridge,Lightning Cup,Retro Cups
22/08/28 (17:007),rRRd,110.231315,150cc,Cartridge,Lightning Cup,Retro Cups
